#
# There is insufficient memory for the Java Runtime Environment to continue.
# Native memory allocation (mmap) failed to map 55574528 bytes. Error detail: G1 virtual space
# Possible reasons:
#   The system is out of physical RAM or swap space
#   This process is running with CompressedOops enabled, and the Java Heap may be blocking the growth of the native heap
# Possible solutions:
#   Reduce memory load on the system
#   Increase physical memory or swap space
#   Check if swap backing store is full
#   Decrease Java heap size (-Xmx/-Xms)
#   Decrease number of Java threads
#   Decrease Java thread stack sizes (-Xss)
#   Set larger code cache with -XX:ReservedCodeCacheSize=
#   JVM is running with Unscaled Compressed Oops mode in which the Java heap is
#     placed in the first 4GB address space. The Java Heap base address is the
#     maximum limit for the native heap growth. Please use -XX:HeapBaseMinAddress
#     to set the Java Heap base and to place the Java Heap above 4GB virtual address.
# This output file may be truncated or incomplete.
#
#  Out of Memory Error (os_windows.cpp:3815), pid=30936, tid=24296
#
# JRE version: OpenJDK Runtime Environment JBR-21.0.3+13-509.15-jcef (21.0.3+13) (build 21.0.3+13-b509.15)
# Java VM: OpenJDK 64-Bit Server VM JBR-21.0.3+13-509.15-jcef (21.0.3+13-b509.15, mixed mode, tiered, compressed oops, compressed class ptrs, g1 gc, windows-amd64)
# No core dump will be written. Minidumps are not enabled by default on client versions of Windows
#

---------------  S U M M A R Y ------------

Command Line: abort vfprintf -XX:ErrorFile=C:\Users\user\java_error_in_rider_%p.log -XX:HeapDumpPath=C:\Users\user\java_error_in_rider.hprof -Xms128m -Xmx2048m -XX:+HeapDumpOnOutOfMemoryError -XX:-OmitStackTraceInFastThrow -XX:+IgnoreUnrecognizedVMOptions -ea -Dsun.io.useCanonCaches=false -Dsun.java2d.metal=true -Djbr.catch.SIGABRT=true -Djdk.http.auth.tunneling.disabledSchemes="" -Djdk.attach.allowAttachSelf=true -Djdk.module.illegalAccess.silent=true -Dkotlinx.coroutines.debug=off -XX:CICompilerCount=2 -XX:ReservedCodeCacheSize=512m -XX:+UnlockDiagnosticVMOptions -XX:TieredOldPercentage=100000 -Xms128m -Xmx2048m -XX:ReservedCodeCacheSize=512m -XX:+IgnoreUnrecognizedVMOptions -XX:+UseG1GC -XX:SoftRefLRUPolicyMSPerMB=50 -XX:CICompilerCount=2 -XX:+HeapDumpOnOutOfMemoryError -XX:-OmitStackTraceInFastThrow -ea -Dsun.io.useCanonCaches=false -Djdk.http.auth.tunneling.disabledSchemes="" -Djdk.attach.allowAttachSelf=true -Djdk.module.illegalAccess.silent=true -Dkotlinx.coroutines.debug=off -XX:ErrorFile=$USER_HOME/java_error_in_idea_%p.log -XX:HeapDumpPath=$USER_HOME/java_error_in_idea.hprof --add-opens=java.base/jdk.internal.org.objectweb.asm=ALL-UNNAMED --add-opens=java.base/jdk.internal.org.objectweb.asm.tree=ALL-UNNAMED -javaagent:C:\Users\user\Downloads\jetbra-8f6785eac5e6e7e8b20e6174dd28bb19d8da7550\jetbra\ja-netfilter.jar=jetbrains -Djb.vmOptionsFile=C:\Users\user\Downloads\jetbra-8f6785eac5e6e7e8b20e6174dd28bb19d8da7550\jetbra\vmoptions\rider.vmoptions -Djava.system.class.loader=com.intellij.util.lang.PathClassLoader -Didea.vendor.name=JetBrains -Didea.paths.selector=Rider2024.2 -Djna.boot.library.path=C:\Program Files\JetBrains\JetBrains Rider 2024.2.5/lib/jna/amd64 -Dpty4j.preferred.native.folder=C:\Program Files\JetBrains\JetBrains Rider 2024.2.5/lib/pty4j -Djna.nosys=true -Djna.noclasspath=true -Dintellij.platform.runtime.repository.path=C:\Program Files\JetBrains\JetBrains Rider 2024.2.5/modules/module-descriptors.jar -Didea.platform.prefix=Rider -Dide.native.launcher=true -Didea.class.before.app=com.jetbrains.rider.protocol.EarlyBackendStarter -Didea.show.customize.ide.wizard=true -DFilePageCache.THROW_ERROR_ON_DUPLICATE_STORAGE_REGISTRATION=false -Dsplash=true -Daether.connector.resumeDownloads=false --add-opens=java.base/java.io=ALL-UNNAMED --add-opens=java.base/java.lang=ALL-UNNAMED --add-opens=java.base/java.lang.ref=ALL-UNNAMED --add-opens=java.base/java.lang.reflect=ALL-UNNAMED --add-opens=java.base/java.net=ALL-UNNAMED --add-opens=java.base/java.nio=ALL-UNNAMED --add-opens=java.base/java.nio.charset=ALL-UNNAMED --add-opens=java.base/java.text=ALL-UNNAMED --add-opens=java.base/java.time=ALL-UNNAMED --add-opens=java.base/java.util=ALL-UNNAMED --add-opens=java.base/java.util.concurrent=ALL-UNNAMED --add-opens=java.base/java.util.concurrent.atomic=ALL-UNNAMED --add-opens=java.base/java.util.concurrent.locks=ALL-UNNAMED --add-opens=java.base/jdk.internal.vm=ALL-UNNAMED --add-opens=java.base/sun.net.dns=ALL-UNNAMED --add-opens=java.base/sun.nio.ch=ALL-UNNAMED --add-opens=java.base/sun.nio.fs=ALL-UNNAMED --add-opens=java.base/sun.security.ssl=ALL-UNNAMED --add-opens=java.base/sun.security.util=ALL-UNNAMED --add-opens=java.desktop/com.sun.java.swing=ALL-UNNAMED --add-opens=java.desktop/java.awt=ALL-UNNAMED --add-opens=java.desktop/java.awt.dnd.peer=ALL-UNNAMED --add-opens=java.desktop/java.awt.event=ALL-UNNAMED --add-opens=java.desktop/java.awt.font=ALL-UNNAMED --add-opens=java.desktop/java.awt.image=ALL-UNNAMED --add-opens=java.desktop/java.awt.peer=ALL-UNNAMED --add-opens=java.desktop/javax.swing=ALL-UNNAMED --add-opens=java.desktop/javax.swing.plaf.basic=ALL-UNNAMED --add-opens=java.desktop/javax.swing.text=ALL-UNNAMED --add-opens=java.desktop/javax.swing.text.html=ALL-UNNAMED --add-opens=java.desktop/sun.awt=ALL-UNNAMED --add-opens=java.desktop/sun.awt.datatransfer=ALL-UNNAMED --add-opens=java.desktop/sun.awt.image=ALL-UNNAMED --add-opens=java.desktop/sun.awt.windows=ALL-UNNAMED --add-opens=java.desktop/sun.font=ALL-UNNAMED --add-opens=java.desktop/sun.java2d=ALL-UNNAMED --add-opens=java.desktop/sun.swing=ALL-UNNAMED --add-opens=java.management/sun.management=ALL-UNNAMED --add-opens=jdk.attach/sun.tools.attach=ALL-UNNAMED --add-opens=jdk.compiler/com.sun.tools.javac.api=ALL-UNNAMED --add-opens=jdk.internal.jvmstat/sun.jvmstat.monitor=ALL-UNNAMED --add-opens=jdk.jdi/com.sun.tools.jdi=ALL-UNNAMED -Dide.native.launcher=true -Djcef.sandbox.ptr=00000214093C3880 -Djcef.sandbox.cefVersion=122.1.9+gd14e051+chromium-122.0.6261.94 com.intellij.idea.Main C:\Users\user\Documents\GitHub\RePlanet\RePlanet.sln --line 109 --column -1 C:\Users\user\Documents\GitHub\RePlanet\Library\PackageCache\com.unity.render-pipelines.universal@14.0.11\Shaders\Lit.shader

Host: 13th Gen Intel(R) Core(TM) i5-1340P, 16 cores, 15G,  Windows 11 , 64 bit Build 22621 (10.0.22621.3958)
Time: Tue Oct 22 01:55:36 2024  Windows 11 , 64 bit Build 22621 (10.0.22621.3958) elapsed time: 35.372149 seconds (0d 0h 0m 35s)

---------------  T H R E A D  ---------------

Current thread (0x000002143a0be3f0):  VMThread "VM Thread"          [id=24296, stack(0x0000001d57c00000,0x0000001d57d00000) (1024K)]

Stack: [0x0000001d57c00000,0x0000001d57d00000]
Native frames: (J=compiled Java code, j=interpreted, Vv=VM code, C=native code)
V  [jvm.dll+0x6e02f9]
V  [jvm.dll+0x8bd383]
V  [jvm.dll+0x8bf8de]
V  [jvm.dll+0x8bffc3]
V  [jvm.dll+0x2879c6]
V  [jvm.dll+0x6dcac5]
V  [jvm.dll+0x6d0f9a]
V  [jvm.dll+0x35f9bb]
V  [jvm.dll+0x367566]
V  [jvm.dll+0x3b8b56]
V  [jvm.dll+0x3b8e28]
V  [jvm.dll+0x33217c]
V  [jvm.dll+0x332207]
V  [jvm.dll+0x37808c]
V  [jvm.dll+0x37681e]
V  [jvm.dll+0x331881]
V  [jvm.dll+0x375f30]
V  [jvm.dll+0x8c5928]
V  [jvm.dll+0x8c6a24]
V  [jvm.dll+0x8c6f60]
V  [jvm.dll+0x8c71f3]
V  [jvm.dll+0x865338]
V  [jvm.dll+0x6deb3d]
C  [ucrtbase.dll+0x29333]
C  [KERNEL32.DLL+0x1257d]
C  [ntdll.dll+0x5af08]

VM_Operation (0x0000001d65bfcef0): G1CollectForAllocation, mode: safepoint, requested by thread 0x00000214ee6832f0


---------------  P R O C E S S  ---------------

Threads class SMR info:
_java_thread_list=0x00000214f2a26660, length=190, elements={
0x000002140b8f2bb0, 0x000002143a0e6200, 0x000002143a0e6b30, 0x000002143a117a40,
0x000002143a127470, 0x000002143a10cc30, 0x000002143a12d3e0, 0x000002143a12df70,
0x000002143a12ea10, 0x00000214351ad440, 0x000002146369c5c0, 0x00000214637f88d0,
0x0000021463808720, 0x0000021463875140, 0x0000021463887a10, 0x00000214632b81d0,
0x00000214632b9580, 0x00000214632b8860, 0x00000214632ba2a0, 0x00000214632b7b40,
0x00000214632ba930, 0x00000214632bafc0, 0x0000021463a4a410, 0x0000021463a45550,
0x0000021463a46270, 0x0000021463a4b7c0, 0x0000021463a45be0, 0x0000021463a46f90,
0x0000021463a4be50, 0x0000021463a48340, 0x0000021463a49d80, 0x0000021463a49060,
0x0000021463a4c4e0, 0x0000021463a496f0, 0x0000021463a4aaa0, 0x0000021463a4b130,
0x000002146482aa80, 0x0000021464829040, 0x000002146482b110, 0x000002146482df00,
0x0000021476941a90, 0x0000021476940050, 0x0000021476942120, 0x0000021476eb20f0,
0x0000021476eb7640, 0x0000021476eb1a60, 0x000002147777a880, 0x0000021477777a90,
0x000002147777c950, 0x0000021477777400, 0x000002148209c230, 0x000002148209c8c0,
0x000002149dc9cc00, 0x00000214a83f4c40, 0x00000214a8a5d100, 0x00000214a8a5b6c0,
0x00000214a8a60580, 0x00000214a8a5c3e0, 0x00000214a8a60c10, 0x00000214adc1eaf0,
0x00000214adc1f810, 0x00000214adc20530, 0x00000214bc624010, 0x00000214bc621220,
0x00000214bc620b90, 0x00000214bc6281b0, 0x00000214bc629560, 0x00000214bc629bf0,
0x00000214bc622c60, 0x00000214bc62a280, 0x00000214bc6232f0, 0x00000214bc62b630,
0x00000214bc62bcc0, 0x00000214bc62dd90, 0x00000214bc62a910, 0x00000214bc62afa0,
0x00000214c4115160, 0x00000214dfbd1550, 0x00000214dfbd2900, 0x00000214d8d42540,
0x00000214e3f6ee50, 0x00000214e3f88bc0, 0x00000214e3f87180, 0x00000214e3f89250,
0x00000214e3f850b0, 0x00000214bc6260e0, 0x00000214d5f25540, 0x0000021482098db0,
0x00000214e4a428b0, 0x00000214e4a42f40, 0x00000214e4a44980, 0x00000214e4a3f430,
0x00000214e4a463c0, 0x00000214e4a407e0, 0x00000214e4a435d0, 0x00000214e4a40150,
0x00000214e4a43c60, 0x00000214e4a45d30, 0x00000214e4a4bfa0, 0x00000214e4a4b910,
0x00000214e4a48b20, 0x00000214e4a50140, 0x00000214e4a4ed90, 0x00000214e4a491b0,
0x00000214e4a507d0, 0x00000214e4a49840, 0x00000214e4a52210, 0x00000214e4a56a40,
0x00000214e4a55000, 0x00000214e4a53c50, 0x00000214e4a51b80, 0x00000214e4a542e0,
0x00000214e4a563b0, 0x00000214e4a50e60, 0x00000214e4a570d0, 0x00000214e4a57df0,
0x00000214e4a55d20, 0x00000214e4a54970, 0x00000214e4a535c0, 0x00000214e4a514f0,
0x00000214e4a55690, 0x00000214e4a57760, 0x00000214e4a58480, 0x00000214e4a58b10,
0x00000214e4a591a0, 0x00000214e4a52f30, 0x00000214e4a5abe0, 0x00000214e4a59830,
0x00000214e4a59ec0, 0x00000214e4a5b900, 0x00000214e4a5b270, 0x00000214e4a5ccb0,
0x00000214e4a5a550, 0x00000214e4a5d340, 0x00000214e4a5c620, 0x00000214e4a5e6f0,
0x00000214e4a5d9d0, 0x00000214e4a5bf90, 0x00000214e4a5e060, 0x00000214e5c5df80,
0x00000214e5c5b190, 0x00000214e5c60d70, 0x00000214e5c5eca0, 0x00000214e5c61400,
0x00000214e5c5c540, 0x00000214e5c5beb0, 0x00000214e5c5a470, 0x00000214e5c5f330,
0x00000214e5c61a90, 0x00000214e5c634d0, 0x00000214e5c5d260, 0x00000214e5c62120,
0x00000214e5c5e610, 0x00000214e5c64f10, 0x00000214e5c66fe0, 0x00000214e5c65c30,
0x00000214e5c68390, 0x00000214e5c6bea0, 0x00000214e5c72e30, 0x00000214e5c77cf0,
0x00000214e5c7b170, 0x00000214e5c790a0, 0x00000214e5c7c520, 0x00000214e5c47690,
0x00000214e5c42e60, 0x00000214e5c40d90, 0x00000214e5c434f0, 0x00000214e5c44210,
0x00000214e5c43b80, 0x00000214e5c490d0, 0x00000214e5c49760, 0x00000214e5c4b1a0,
0x00000214e5c4b830, 0x00000214e5c44f30, 0x00000214e5c534e0, 0x00000214ee67d080,
0x00000214ee6853c0, 0x00000214ee681f40, 0x00000214ee682c60, 0x00000214ee6846a0,
0x00000214ee6832f0, 0x00000214ee683980, 0x00000214ee684010, 0x00000214ee6818b0,
0x00000214ee686770, 0x00000214ee685a50, 0x00000214ee688840, 0x00000214ee6904f0,
0x00000214e3f77820, 0x00000214e3f80f10
}

Java Threads: ( => current thread )
  0x000002140b8f2bb0 JavaThread "main"                              [_thread_blocked, id=27912, stack(0x0000001d57400000,0x0000001d57600000) (2048K)]
  0x000002143a0e6200 JavaThread "Reference Handler"          daemon [_thread_blocked, id=33636, stack(0x0000001d57d00000,0x0000001d57e00000) (1024K)]
  0x000002143a0e6b30 JavaThread "Finalizer"                  daemon [_thread_blocked, id=13848, stack(0x0000001d57e00000,0x0000001d57f00000) (1024K)]
  0x000002143a117a40 JavaThread "Signal Dispatcher"          daemon [_thread_blocked, id=1752, stack(0x0000001d57f00000,0x0000001d58000000) (1024K)]
  0x000002143a127470 JavaThread "Attach Listener"            daemon [_thread_blocked, id=16076, stack(0x0000001d58000000,0x0000001d58100000) (1024K)]
  0x000002143a10cc30 JavaThread "Service Thread"             daemon [_thread_blocked, id=20712, stack(0x0000001d58100000,0x0000001d58200000) (1024K)]
  0x000002143a12d3e0 JavaThread "Monitor Deflation Thread"   daemon [_thread_blocked, id=28812, stack(0x0000001d58200000,0x0000001d58300000) (1024K)]
  0x000002143a12df70 JavaThread "C2 CompilerThread0"         daemon [_thread_in_native, id=28412, stack(0x0000001d58300000,0x0000001d58400000) (1024K)]
  0x000002143a12ea10 JavaThread "C1 CompilerThread0"         daemon [_thread_blocked, id=2752, stack(0x0000001d58400000,0x0000001d58500000) (1024K)]
  0x00000214351ad440 JavaThread "Common-Cleaner"             daemon [_thread_blocked, id=3768, stack(0x0000001d58500000,0x0000001d58600000) (1024K)]
  0x000002146369c5c0 JavaThread "Notification Thread"        daemon [_thread_blocked, id=24500, stack(0x0000001d58600000,0x0000001d58700000) (1024K)]
  0x00000214637f88d0 JavaThread "DefaultDispatcher-worker-1" daemon [_thread_blocked, id=18620, stack(0x0000001d58700000,0x0000001d58800000) (1024K)]
  0x0000021463808720 JavaThread "DefaultDispatcher-worker-2" daemon [_thread_blocked, id=31056, stack(0x0000001d58800000,0x0000001d58900000) (1024K)]
  0x0000021463875140 JavaThread "DefaultDispatcher-worker-3" daemon [_thread_blocked, id=26096, stack(0x0000001d59000000,0x0000001d59100000) (1024K)]
  0x0000021463887a10 JavaThread "DefaultDispatcher-worker-4" daemon [_thread_blocked, id=22532, stack(0x0000001d59100000,0x0000001d59200000) (1024K)]
  0x00000214632b81d0 JavaThread "DefaultDispatcher-worker-5" daemon [_thread_blocked, id=20356, stack(0x0000001d59200000,0x0000001d59300000) (1024K)]
  0x00000214632b9580 JavaThread "DefaultDispatcher-worker-6" daemon [_thread_blocked, id=19568, stack(0x0000001d59300000,0x0000001d59400000) (1024K)]
  0x00000214632b8860 JavaThread "DefaultDispatcher-worker-7" daemon [_thread_blocked, id=14576, stack(0x0000001d59400000,0x0000001d59500000) (1024K)]
  0x00000214632ba2a0 JavaThread "DefaultDispatcher-worker-8" daemon [_thread_blocked, id=25560, stack(0x0000001d59500000,0x0000001d59600000) (1024K)]
  0x00000214632b7b40 JavaThread "DefaultDispatcher-worker-9" daemon [_thread_blocked, id=33160, stack(0x0000001d59600000,0x0000001d59700000) (1024K)]
  0x00000214632ba930 JavaThread "DefaultDispatcher-worker-10" daemon [_thread_blocked, id=34428, stack(0x0000001d59700000,0x0000001d59800000) (1024K)]
  0x00000214632bafc0 JavaThread "DefaultDispatcher-worker-11" daemon [_thread_blocked, id=18880, stack(0x0000001d59800000,0x0000001d59900000) (1024K)]
  0x0000021463a4a410 JavaThread "DefaultDispatcher-worker-12" daemon [_thread_blocked, id=4208, stack(0x0000001d59900000,0x0000001d59a00000) (1024K)]
  0x0000021463a45550 JavaThread "DefaultDispatcher-worker-13" daemon [_thread_blocked, id=18116, stack(0x0000001d59a00000,0x0000001d59b00000) (1024K)]
  0x0000021463a46270 JavaThread "DefaultDispatcher-worker-14" daemon [_thread_blocked, id=13200, stack(0x0000001d59b00000,0x0000001d59c00000) (1024K)]
  0x0000021463a4b7c0 JavaThread "DefaultDispatcher-worker-15" daemon [_thread_blocked, id=12616, stack(0x0000001d59c00000,0x0000001d59d00000) (1024K)]
  0x0000021463a45be0 JavaThread "DefaultDispatcher-worker-16" daemon [_thread_blocked, id=29532, stack(0x0000001d59d00000,0x0000001d59e00000) (1024K)]
  0x0000021463a46f90 JavaThread "DefaultDispatcher-worker-17" daemon [_thread_blocked, id=22432, stack(0x0000001d59e00000,0x0000001d59f00000) (1024K)]
  0x0000021463a4be50 JavaThread "Java2D Disposer"            daemon [_thread_blocked, id=34608, stack(0x0000001d59f00000,0x0000001d5a000000) (1024K)]
  0x0000021463a48340 JavaThread "AWT-Shutdown"                      [_thread_blocked, id=37704, stack(0x0000001d5a500000,0x0000001d5a600000) (1024K)]
  0x0000021463a49d80 JavaThread "AWT-Windows"                daemon [_thread_blocked, id=13192, stack(0x0000001d5a600000,0x0000001d5a700000) (1024K)]
  0x0000021463a49060 JavaThread "DefaultDispatcher-worker-18" daemon [_thread_blocked, id=25764, stack(0x0000001d5a700000,0x0000001d5a800000) (1024K)]
  0x0000021463a4c4e0 JavaThread "DefaultDispatcher-worker-19" daemon [_thread_blocked, id=10692, stack(0x0000001d5a800000,0x0000001d5a900000) (1024K)]
  0x0000021463a496f0 JavaThread "External Command Listener"  daemon [_thread_in_native, id=13136, stack(0x0000001d5a900000,0x0000001d5aa00000) (1024K)]
  0x0000021463a4aaa0 JavaThread "AWT-EventQueue-0"                  [_thread_blocked, id=31960, stack(0x0000001d5aa00000,0x0000001d5ab00000) (1024K)]
  0x0000021463a4b130 JavaThread "kotlinx.coroutines.DefaultExecutor" daemon [_thread_blocked, id=34164, stack(0x0000001d5ab00000,0x0000001d5ac00000) (1024K)]
  0x000002146482aa80 JavaThread "DefaultDispatcher-worker-20" daemon [_thread_blocked, id=24988, stack(0x0000001d5ac00000,0x0000001d5ad00000) (1024K)]
  0x0000021464829040 JavaThread "EarlyStartServerWire/Sender" daemon [_thread_blocked, id=12760, stack(0x0000001d5ad00000,0x0000001d5ae00000) (1024K)]
  0x000002146482b110 JavaThread "EarlyStartServerWire"       daemon [_thread_in_native, id=27256, stack(0x0000001d5b000000,0x0000001d5b100000) (1024K)]
  0x000002146482df00 JavaThread "SerializersBackgroundRegistrar" daemon [_thread_blocked, id=35384, stack(0x0000001d5b100000,0x0000001d5b200000) (1024K)]
  0x0000021476941a90 JavaThread "Program"                           [_thread_in_native, id=9760, stack(0x0000001d5b200000,0x0000001d5b300000) (1024K)]
  0x0000021476940050 JavaThread "BaseDataReader: output stream of Program"        [_thread_in_native, id=34404, stack(0x0000001d5b300000,0x0000001d5b400000) (1024K)]
  0x0000021476942120 JavaThread "BaseDataReader: error stream of Program"        [_thread_blocked, id=9284, stack(0x0000001d5b400000,0x0000001d5b500000) (1024K)]
  0x0000021476eb20f0 JavaThread "DefaultDispatcher-worker-21" daemon [_thread_blocked, id=15792, stack(0x0000001d5b500000,0x0000001d5b600000) (1024K)]
  0x0000021476eb7640 JavaThread "DefaultDispatcher-worker-22" daemon [_thread_blocked, id=4728, stack(0x0000001d5b600000,0x0000001d5b700000) (1024K)]
  0x0000021476eb1a60 JavaThread "PeriodicMetricReader"       daemon [_thread_blocked, id=17392, stack(0x0000001d5b700000,0x0000001d5b800000) (1024K)]
  0x000002147777a880 JavaThread "pool-4-thread-1"                   [_thread_blocked, id=34776, stack(0x0000001d5ba00000,0x0000001d5bb00000) (1024K)]
  0x0000021477777a90 JavaThread "BackgroundScheduler"        daemon [_thread_blocked, id=36952, stack(0x0000001d5bb00000,0x0000001d5bc00000) (1024K)]
  0x000002147777c950 JavaThread "Coroutines Debugger Cleaner" daemon [_thread_blocked, id=22044, stack(0x0000001d5b800000,0x0000001d5b900000) (1024K)]
  0x0000021477777400 JavaThread "JVMResponsivenessMonitor"   daemon [_thread_blocked, id=31380, stack(0x0000001d5b900000,0x0000001d5ba00000) (1024K)]
  0x000002148209c230 JavaThread "Periodic tasks thread"      daemon [_thread_blocked, id=7012, stack(0x0000001d5bc00000,0x0000001d5bd00000) (1024K)]
  0x000002148209c8c0 JavaThread "ApplicationImpl pooled thread 1"        [_thread_blocked, id=35412, stack(0x0000001d5bd00000,0x0000001d5be00000) (1024K)]
  0x000002149dc9cc00 JavaThread "JNA Cleaner"                daemon [_thread_blocked, id=25556, stack(0x0000001d5be00000,0x0000001d5bf00000) (1024K)]
  0x00000214a83f4c40 JavaThread "Netty Builtin Server 1"     daemon [_thread_in_native, id=32000, stack(0x0000001d5bf00000,0x0000001d5c000000) (1024K)]
  0x00000214a8a5d100 JavaThread "ApplicationImpl pooled thread 2"        [_thread_blocked, id=5436, stack(0x0000001d5c100000,0x0000001d5c200000) (1024K)]
  0x00000214a8a5b6c0 JavaThread "fsnotifier.exe"                    [_thread_in_native, id=32508, stack(0x0000001d5c200000,0x0000001d5c300000) (1024K)]
  0x00000214a8a60580 JavaThread "BaseDataReader: output stream of fsnotifier.exe"        [_thread_blocked, id=12792, stack(0x0000001d5c300000,0x0000001d5c400000) (1024K)]
  0x00000214a8a5c3e0 JavaThread "BaseDataReader: error stream of fsnotifier.exe"        [_thread_in_native, id=4608, stack(0x0000001d5c400000,0x0000001d5c500000) (1024K)]
  0x00000214a8a60c10 JavaThread "I/O pool 7"                        [_thread_blocked, id=13592, stack(0x0000001d5c500000,0x0000001d5c600000) (1024K)]
  0x00000214adc1eaf0 JavaThread "ApplicationImpl pooled thread 3"        [_thread_blocked, id=20412, stack(0x0000001d5c600000,0x0000001d5c700000) (1024K)]
  0x00000214adc1f810 JavaThread "ApplicationImpl pooled thread 4"        [_thread_blocked, id=25072, stack(0x0000001d5c700000,0x0000001d5c800000) (1024K)]
  0x00000214adc20530 JavaThread "ApplicationImpl pooled thread 5"        [_thread_blocked, id=25572, stack(0x0000001d5c800000,0x0000001d5c900000) (1024K)]
  0x00000214bc624010 JavaThread "Jndi-Dns-address-change-listener" daemon [_thread_in_native, id=31508, stack(0x0000001d5c900000,0x0000001d5ca00000) (1024K)]
  0x00000214bc621220 JavaThread "JobScheduler FJ pool 0/15"  daemon [_thread_blocked, id=16708, stack(0x0000001d5cf00000,0x0000001d5d000000) (1024K)]
  0x00000214bc620b90 JavaThread "Alarm Pool"                        [_thread_blocked, id=20184, stack(0x0000001d5d100000,0x0000001d5d200000) (1024K)]
  0x00000214bc6281b0 JavaThread "DefaultDispatcher-worker-23" daemon [_thread_blocked, id=1856, stack(0x0000001d5d000000,0x0000001d5d100000) (1024K)]
  0x00000214bc629560 JavaThread "DefaultDispatcher-worker-24" daemon [_thread_blocked, id=29608, stack(0x0000001d5d200000,0x0000001d5d300000) (1024K)]
  0x00000214bc629bf0 JavaThread "DefaultDispatcher-worker-26" daemon [_thread_blocked, id=18400, stack(0x0000001d5d300000,0x0000001d5d400000) (1024K)]
  0x00000214bc622c60 JavaThread "DefaultDispatcher-worker-27" daemon [_thread_blocked, id=11432, stack(0x0000001d5d400000,0x0000001d5d500000) (1024K)]
  0x00000214bc62a280 JavaThread "DefaultDispatcher-worker-28" daemon [_thread_blocked, id=17948, stack(0x0000001d5d500000,0x0000001d5d600000) (1024K)]
  0x00000214bc6232f0 JavaThread "DefaultDispatcher-worker-29" daemon [_thread_blocked, id=32044, stack(0x0000001d5d600000,0x0000001d5d700000) (1024K)]
  0x00000214bc62b630 JavaThread "DefaultDispatcher-worker-30" daemon [_thread_blocked, id=2224, stack(0x0000001d5d700000,0x0000001d5d800000) (1024K)]
  0x00000214bc62bcc0 JavaThread "DefaultDispatcher-worker-25" daemon [_thread_blocked, id=11876, stack(0x0000001d5d800000,0x0000001d5d900000) (1024K)]
  0x00000214bc62dd90 JavaThread "DefaultDispatcher-worker-31" daemon [_thread_blocked, id=32068, stack(0x0000001d5d900000,0x0000001d5da00000) (1024K)]
  0x00000214bc62a910 JavaThread "DefaultDispatcher-worker-32" daemon [_thread_blocked, id=25308, stack(0x0000001d5da00000,0x0000001d5db00000) (1024K)]
  0x00000214bc62afa0 JavaThread "DefaultDispatcher-worker-33" daemon [_thread_blocked, id=33680, stack(0x0000001d5db00000,0x0000001d5dc00000) (1024K)]
  0x00000214c4115160 JavaThread "TimerQueue"                 daemon [_thread_blocked, id=21380, stack(0x0000001d5dc00000,0x0000001d5dd00000) (1024K)]
  0x00000214dfbd1550 JavaThread "I/O pool 8"                        [_thread_blocked, id=2812, stack(0x0000001d5df00000,0x0000001d5e000000) (1024K)]
  0x00000214dfbd2900 JavaThread "I/O pool 9"                        [_thread_blocked, id=34436, stack(0x0000001d5e000000,0x0000001d5e100000) (1024K)]
  0x00000214d8d42540 JavaThread "WorkspaceModelUpdater"      daemon [_thread_blocked, id=25688, stack(0x0000001d5e100000,0x0000001d5e200000) (1024K)]
  0x00000214e3f6ee50 JavaThread "Keep-Alive-Timer"           daemon [_thread_blocked, id=36988, stack(0x0000001d5ce00000,0x0000001d5cf00000) (1024K)]
  0x00000214e3f88bc0 JavaThread "Thread-35"                  daemon [_thread_in_native, id=2592, stack(0x0000001d5e200000,0x0000001d5e300000) (1024K)]
  0x00000214e3f87180 JavaThread "Thread-36"                  daemon [_thread_in_native, id=14136, stack(0x0000001d5e300000,0x0000001d5e400000) (1024K)]
  0x00000214e3f89250 JavaThread "Thread-37"                  daemon [_thread_in_native, id=11340, stack(0x0000001d5e400000,0x0000001d5e500000) (1024K)]
  0x00000214e3f850b0 JavaThread "Thread-38"                  daemon [_thread_in_native, id=3928, stack(0x0000001d5e500000,0x0000001d5e600000) (1024K)]
  0x00000214bc6260e0 JavaThread "Thread-39"                  daemon [_thread_in_native, id=29996, stack(0x0000001d5e600000,0x0000001d5e700000) (1024K)]
  0x00000214d5f25540 JavaThread "Thread-40"                  daemon [_thread_in_native, id=30704, stack(0x0000001d5e700000,0x0000001d5e800000) (1024K)]
  0x0000021482098db0 JavaThread "Thread-41"                  daemon [_thread_in_native, id=34960, stack(0x0000001d5e800000,0x0000001d5e900000) (1024K)]
  0x00000214e4a428b0 JavaThread "Thread-42"                  daemon [_thread_in_native, id=35308, stack(0x0000001d5e900000,0x0000001d5ea00000) (1024K)]
  0x00000214e4a42f40 JavaThread "Thread-43"                  daemon [_thread_in_native, id=36028, stack(0x0000001d5ea00000,0x0000001d5eb00000) (1024K)]
  0x00000214e4a44980 JavaThread "Thread-44"                  daemon [_thread_in_native, id=26940, stack(0x0000001d5eb00000,0x0000001d5ec00000) (1024K)]
  0x00000214e4a3f430 JavaThread "Thread-45"                  daemon [_thread_in_native, id=35392, stack(0x0000001d5ec00000,0x0000001d5ed00000) (1024K)]
  0x00000214e4a463c0 JavaThread "Thread-46"                  daemon [_thread_in_native, id=23052, stack(0x0000001d5ed00000,0x0000001d5ee00000) (1024K)]
  0x00000214e4a407e0 JavaThread "Thread-47"                  daemon [_thread_in_native, id=16792, stack(0x0000001d5ee00000,0x0000001d5ef00000) (1024K)]
  0x00000214e4a435d0 JavaThread "Thread-48"                  daemon [_thread_in_native, id=35236, stack(0x0000001d5ef00000,0x0000001d5f000000) (1024K)]
  0x00000214e4a40150 JavaThread "Thread-49"                  daemon [_thread_in_native, id=14716, stack(0x0000001d5f000000,0x0000001d5f100000) (1024K)]
  0x00000214e4a43c60 JavaThread "Thread-50"                  daemon [_thread_in_native, id=3796, stack(0x0000001d5f100000,0x0000001d5f200000) (1024K)]
  0x00000214e4a45d30 JavaThread "Thread-51"                  daemon [_thread_in_native, id=13228, stack(0x0000001d5f200000,0x0000001d5f300000) (1024K)]
  0x00000214e4a4bfa0 JavaThread "JobScheduler FJ pool 1/15"  daemon [_thread_blocked, id=37512, stack(0x0000001d5f300000,0x0000001d5f400000) (1024K)]
  0x00000214e4a4b910 JavaThread "DefaultDispatcher-worker-34" daemon [_thread_blocked, id=22776, stack(0x0000001d5f600000,0x0000001d5f700000) (1024K)]
  0x00000214e4a48b20 JavaThread "DefaultDispatcher-worker-35" daemon [_thread_blocked, id=30296, stack(0x0000001d5f700000,0x0000001d5f800000) (1024K)]
  0x00000214e4a50140 JavaThread "DefaultDispatcher-worker-36" daemon [_thread_blocked, id=12272, stack(0x0000001d5f800000,0x0000001d5f900000) (1024K)]
  0x00000214e4a4ed90 JavaThread "DefaultDispatcher-worker-37" daemon [_thread_blocked, id=31616, stack(0x0000001d5f900000,0x0000001d5fa00000) (1024K)]
  0x00000214e4a491b0 JavaThread "DefaultDispatcher-worker-40" daemon [_thread_blocked, id=24912, stack(0x0000001d5fa00000,0x0000001d5fb00000) (1024K)]
  0x00000214e4a507d0 JavaThread "DefaultDispatcher-worker-41" daemon [_thread_blocked, id=2944, stack(0x0000001d5fb00000,0x0000001d5fc00000) (1024K)]
  0x00000214e4a49840 JavaThread "DefaultDispatcher-worker-39" daemon [_thread_blocked, id=37580, stack(0x0000001d5fc00000,0x0000001d5fd00000) (1024K)]
  0x00000214e4a52210 JavaThread "DefaultDispatcher-worker-38" daemon [_thread_blocked, id=4828, stack(0x0000001d5fd00000,0x0000001d5fe00000) (1024K)]
  0x00000214e4a56a40 JavaThread "JobScheduler FJ pool 2/15"  daemon [_thread_blocked, id=4580, stack(0x0000001d5fe00000,0x0000001d5ff00000) (1024K)]
  0x00000214e4a55000 JavaThread "DefaultDispatcher-worker-43" daemon [_thread_blocked, id=30696, stack(0x0000001d5ff00000,0x0000001d60000000) (1024K)]
  0x00000214e4a53c50 JavaThread "DefaultDispatcher-worker-42" daemon [_thread_blocked, id=30824, stack(0x0000001d60000000,0x0000001d60100000) (1024K)]
  0x00000214e4a51b80 JavaThread "DefaultDispatcher-worker-46" daemon [_thread_blocked, id=33848, stack(0x0000001d60100000,0x0000001d60200000) (1024K)]
  0x00000214e4a542e0 JavaThread "DefaultDispatcher-worker-44" daemon [_thread_blocked, id=34328, stack(0x0000001d60200000,0x0000001d60300000) (1024K)]
  0x00000214e4a563b0 JavaThread "DefaultDispatcher-worker-45" daemon [_thread_blocked, id=34688, stack(0x0000001d60400000,0x0000001d60500000) (1024K)]
  0x00000214e4a50e60 JavaThread "DefaultDispatcher-worker-47" daemon [_thread_blocked, id=4600, stack(0x0000001d60500000,0x0000001d60600000) (1024K)]
  0x00000214e4a570d0 JavaThread "DefaultDispatcher-worker-48" daemon [_thread_blocked, id=35808, stack(0x0000001d60600000,0x0000001d60700000) (1024K)]
  0x00000214e4a57df0 JavaThread "DefaultDispatcher-worker-49" daemon [_thread_blocked, id=29876, stack(0x0000001d60700000,0x0000001d60800000) (1024K)]
  0x00000214e4a55d20 JavaThread "DefaultDispatcher-worker-50" daemon [_thread_blocked, id=28480, stack(0x0000001d60800000,0x0000001d60900000) (1024K)]
  0x00000214e4a54970 JavaThread "DefaultDispatcher-worker-51" daemon [_thread_blocked, id=24248, stack(0x0000001d60900000,0x0000001d60a00000) (1024K)]
  0x00000214e4a535c0 JavaThread "DefaultDispatcher-worker-52" daemon [_thread_blocked, id=16176, stack(0x0000001d60a00000,0x0000001d60b00000) (1024K)]
  0x00000214e4a514f0 JavaThread "DefaultDispatcher-worker-53" daemon [_thread_blocked, id=28896, stack(0x0000001d60b00000,0x0000001d60c00000) (1024K)]
  0x00000214e4a55690 JavaThread "DefaultDispatcher-worker-54" daemon [_thread_blocked, id=31224, stack(0x0000001d60c00000,0x0000001d60d00000) (1024K)]
  0x00000214e4a57760 JavaThread "DefaultDispatcher-worker-55" daemon [_thread_blocked, id=18760, stack(0x0000001d60d00000,0x0000001d60e00000) (1024K)]
  0x00000214e4a58480 JavaThread "DefaultDispatcher-worker-56" daemon [_thread_blocked, id=17692, stack(0x0000001d60e00000,0x0000001d60f00000) (1024K)]
  0x00000214e4a58b10 JavaThread "DefaultDispatcher-worker-57" daemon [_thread_blocked, id=15536, stack(0x0000001d60f00000,0x0000001d61000000) (1024K)]
  0x00000214e4a591a0 JavaThread "DefaultDispatcher-worker-58" daemon [_thread_blocked, id=25640, stack(0x0000001d61000000,0x0000001d61100000) (1024K)]
  0x00000214e4a52f30 JavaThread "DefaultDispatcher-worker-59" daemon [_thread_blocked, id=3140, stack(0x0000001d61100000,0x0000001d61200000) (1024K)]
  0x00000214e4a5abe0 JavaThread "DefaultDispatcher-worker-60" daemon [_thread_blocked, id=32524, stack(0x0000001d61200000,0x0000001d61300000) (1024K)]
  0x00000214e4a59830 JavaThread "DefaultDispatcher-worker-61" daemon [_thread_blocked, id=24052, stack(0x0000001d61300000,0x0000001d61400000) (1024K)]
  0x00000214e4a59ec0 JavaThread "DefaultDispatcher-worker-62" daemon [_thread_blocked, id=28360, stack(0x0000001d61400000,0x0000001d61500000) (1024K)]
  0x00000214e4a5b900 JavaThread "DefaultDispatcher-worker-63" daemon [_thread_blocked, id=23620, stack(0x0000001d61500000,0x0000001d61600000) (1024K)]
  0x00000214e4a5b270 JavaThread "DefaultDispatcher-worker-64" daemon [_thread_blocked, id=24420, stack(0x0000001d61600000,0x0000001d61700000) (1024K)]
  0x00000214e4a5ccb0 JavaThread "DefaultDispatcher-worker-65" daemon [_thread_blocked, id=3016, stack(0x0000001d61700000,0x0000001d61800000) (1024K)]
  0x00000214e4a5a550 JavaThread "DefaultDispatcher-worker-66" daemon [_thread_blocked, id=26596, stack(0x0000001d61800000,0x0000001d61900000) (1024K)]
  0x00000214e4a5d340 JavaThread "DefaultDispatcher-worker-67" daemon [_thread_blocked, id=7648, stack(0x0000001d61900000,0x0000001d61a00000) (1024K)]
  0x00000214e4a5c620 JavaThread "DefaultDispatcher-worker-68" daemon [_thread_blocked, id=28112, stack(0x0000001d61a00000,0x0000001d61b00000) (1024K)]
  0x00000214e4a5e6f0 JavaThread "DefaultDispatcher-worker-69" daemon [_thread_blocked, id=25908, stack(0x0000001d61b00000,0x0000001d61c00000) (1024K)]
  0x00000214e4a5d9d0 JavaThread "DefaultDispatcher-worker-70" daemon [_thread_blocked, id=14144, stack(0x0000001d61c00000,0x0000001d61d00000) (1024K)]
  0x00000214e4a5bf90 JavaThread "DefaultDispatcher-worker-71" daemon [_thread_blocked, id=8716, stack(0x0000001d61d00000,0x0000001d61e00000) (1024K)]
  0x00000214e4a5e060 JavaThread "DefaultDispatcher-worker-72" daemon [_thread_blocked, id=24384, stack(0x0000001d61e00000,0x0000001d61f00000) (1024K)]
  0x00000214e5c5df80 JavaThread "DefaultDispatcher-worker-73" daemon [_thread_blocked, id=17860, stack(0x0000001d61f00000,0x0000001d62000000) (1024K)]
  0x00000214e5c5b190 JavaThread "DefaultDispatcher-worker-74" daemon [_thread_blocked, id=25008, stack(0x0000001d62000000,0x0000001d62100000) (1024K)]
  0x00000214e5c60d70 JavaThread "DefaultDispatcher-worker-75" daemon [_thread_blocked, id=33528, stack(0x0000001d62100000,0x0000001d62200000) (1024K)]
  0x00000214e5c5eca0 JavaThread "DefaultDispatcher-worker-76" daemon [_thread_blocked, id=24688, stack(0x0000001d62200000,0x0000001d62300000) (1024K)]
  0x00000214e5c61400 JavaThread "DefaultDispatcher-worker-77" daemon [_thread_blocked, id=18264, stack(0x0000001d62300000,0x0000001d62400000) (1024K)]
  0x00000214e5c5c540 JavaThread "DefaultDispatcher-worker-78" daemon [_thread_blocked, id=19264, stack(0x0000001d62400000,0x0000001d62500000) (1024K)]
  0x00000214e5c5beb0 JavaThread "DefaultDispatcher-worker-79" daemon [_thread_blocked, id=25884, stack(0x0000001d62500000,0x0000001d62600000) (1024K)]
  0x00000214e5c5a470 JavaThread "DefaultDispatcher-worker-80" daemon [_thread_blocked, id=10244, stack(0x0000001d62600000,0x0000001d62700000) (1024K)]
  0x00000214e5c5f330 JavaThread "DefaultDispatcher-worker-81" daemon [_thread_blocked, id=23028, stack(0x0000001d62700000,0x0000001d62800000) (1024K)]
  0x00000214e5c61a90 JavaThread "DefaultDispatcher-worker-82" daemon [_thread_blocked, id=26500, stack(0x0000001d62900000,0x0000001d62a00000) (1024K)]
  0x00000214e5c634d0 JavaThread "DefaultDispatcher-worker-83" daemon [_thread_blocked, id=36420, stack(0x0000001d62a00000,0x0000001d62b00000) (1024K)]
  0x00000214e5c5d260 JavaThread "ApplicationImpl pooled thread 7"        [_thread_blocked, id=27712, stack(0x0000001d62b00000,0x0000001d62c00000) (1024K)]
  0x00000214e5c62120 JavaThread "DefaultDispatcher-worker-84" daemon [_thread_blocked, id=29188, stack(0x0000001d62c00000,0x0000001d62d00000) (1024K)]
  0x00000214e5c5e610 JavaThread "DefaultDispatcher-worker-85" daemon [_thread_blocked, id=4708, stack(0x0000001d62d00000,0x0000001d62e00000) (1024K)]
  0x00000214e5c64f10 JavaThread "ApplicationImpl pooled thread 8"        [_thread_blocked, id=14940, stack(0x0000001d62e00000,0x0000001d62f00000) (1024K)]
  0x00000214e5c66fe0 JavaThread "ApplicationImpl pooled thread 9"        [_thread_blocked, id=13480, stack(0x0000001d62f00000,0x0000001d63000000) (1024K)]
  0x00000214e5c65c30 JavaThread "ApplicationImpl pooled thread 10"        [_thread_blocked, id=28336, stack(0x0000001d63000000,0x0000001d63100000) (1024K)]
  0x00000214e5c68390 JavaThread "Windows Shell integration"  daemon [_thread_blocked, id=27492, stack(0x0000001d63400000,0x0000001d63500000) (1024K)]
  0x00000214e5c6bea0 JavaThread "I/O pool 10"                       [_thread_blocked, id=27420, stack(0x0000001d60300000,0x0000001d60400000) (1024K)]
  0x00000214e5c72e30 JavaThread "ApplicationImpl pooled thread 11"        [_thread_blocked, id=25940, stack(0x0000001d63600000,0x0000001d63700000) (1024K)]
  0x00000214e5c77cf0 JavaThread "I/O pool 11"                       [_thread_blocked, id=23996, stack(0x0000001d63a00000,0x0000001d63b00000) (1024K)]
  0x00000214e5c7b170 JavaThread "I/O pool 12"                       [_thread_blocked, id=20060, stack(0x0000001d63b00000,0x0000001d63c00000) (1024K)]
  0x00000214e5c790a0 JavaThread "rd throttler"               daemon [_thread_blocked, id=34720, stack(0x0000001d63c00000,0x0000001d63d00000) (1024K)]
  0x00000214e5c7c520 JavaThread "ApplicationImpl pooled thread 12"        [_thread_blocked, id=23908, stack(0x0000001d63d00000,0x0000001d63e00000) (1024K)]
  0x00000214e5c47690 JavaThread "I/O pool 13"                       [_thread_blocked, id=19696, stack(0x0000001d64900000,0x0000001d64a00000) (1024K)]
  0x00000214e5c42e60 JavaThread "I/O pool 14"                       [_thread_blocked, id=26660, stack(0x0000001d64a00000,0x0000001d64b00000) (1024K)]
  0x00000214e5c40d90 JavaThread "I/O pool 15"                       [_thread_blocked, id=36324, stack(0x0000001d64b00000,0x0000001d64c00000) (1024K)]
  0x00000214e5c434f0 JavaThread "I/O pool 16"                       [_thread_blocked, id=7572, stack(0x0000001d64c00000,0x0000001d64d00000) (1024K)]
  0x00000214e5c44210 JavaThread "I/O pool 17"                       [_thread_blocked, id=7612, stack(0x0000001d64d00000,0x0000001d64e00000) (1024K)]
  0x00000214e5c43b80 JavaThread "I/O pool 18"                       [_thread_blocked, id=8136, stack(0x0000001d64f00000,0x0000001d65000000) (1024K)]
  0x00000214e5c490d0 JavaThread "I/O pool 19"                       [_thread_blocked, id=19540, stack(0x0000001d64e00000,0x0000001d64f00000) (1024K)]
  0x00000214e5c49760 JavaThread "I/O pool 20"                       [_thread_blocked, id=4816, stack(0x0000001d65000000,0x0000001d65100000) (1024K)]
  0x00000214e5c4b1a0 JavaThread "I/O pool 21"                       [_thread_blocked, id=30004, stack(0x0000001d65100000,0x0000001d65200000) (1024K)]
  0x00000214e5c4b830 JavaThread "I/O pool 22"                       [_thread_blocked, id=24968, stack(0x0000001d65200000,0x0000001d65300000) (1024K)]
  0x00000214e5c44f30 JavaThread "I/O pool 23"                       [_thread_blocked, id=14992, stack(0x0000001d65300000,0x0000001d65400000) (1024K)]
  0x00000214e5c534e0 JavaThread "I/O pool 24"                       [_thread_blocked, id=25744, stack(0x0000001d64800000,0x0000001d64900000) (1024K)]
  0x00000214ee67d080 JavaThread "HttpClient-3-SelectorManager" daemon [_thread_in_native, id=15540, stack(0x0000001d65500000,0x0000001d65600000) (1024K)]
  0x00000214ee6853c0 JavaThread "JobScheduler FJ pool 3/15"  daemon [_thread_blocked, id=3788, stack(0x0000001d65700000,0x0000001d65800000) (1024K)]
  0x00000214ee681f40 JavaThread "JobScheduler FJ pool 4/15"  daemon [_thread_blocked, id=27944, stack(0x0000001d65800000,0x0000001d65900000) (1024K)]
  0x00000214ee682c60 JavaThread "JobScheduler FJ pool 5/15"  daemon [_thread_blocked, id=11764, stack(0x0000001d65900000,0x0000001d65a00000) (1024K)]
  0x00000214ee6846a0 JavaThread "JobScheduler FJ pool 6/15"  daemon [_thread_blocked, id=21960, stack(0x0000001d65a00000,0x0000001d65b00000) (1024K)]
  0x00000214ee6832f0 JavaThread "JobScheduler FJ pool 7/15"  daemon [_thread_blocked, id=20476, stack(0x0000001d65b00000,0x0000001d65c00000) (1024K)]
  0x00000214ee683980 JavaThread "JobScheduler FJ pool 8/15"  daemon [_thread_blocked, id=30912, stack(0x0000001d65c00000,0x0000001d65d00000) (1024K)]
  0x00000214ee684010 JavaThread "JobScheduler FJ pool 9/15"  daemon [_thread_blocked, id=21624, stack(0x0000001d65d00000,0x0000001d65e00000) (1024K)]
  0x00000214ee6818b0 JavaThread "JobScheduler FJ pool 10/15" daemon [_thread_blocked, id=37072, stack(0x0000001d65e00000,0x0000001d65f00000) (1024K)]
  0x00000214ee686770 JavaThread "JobScheduler FJ pool 11/15" daemon [_thread_blocked, id=37796, stack(0x0000001d65f00000,0x0000001d66000000) (1024K)]
  0x00000214ee685a50 JavaThread "JobScheduler FJ pool 12/15" daemon [_thread_blocked, id=1652, stack(0x0000001d66000000,0x0000001d66100000) (1024K)]
  0x00000214ee688840 JavaThread "JobScheduler FJ pool 13/15" daemon [_thread_blocked, id=4108, stack(0x0000001d65400000,0x0000001d65500000) (1024K)]
  0x00000214ee6904f0 JavaThread "JobScheduler FJ pool 14/15" daemon [_thread_blocked, id=36936, stack(0x0000001d65600000,0x0000001d65700000) (1024K)]
  0x00000214e3f77820 JavaThread "Image Fetcher 0"            daemon [_thread_blocked, id=6588, stack(0x0000001d66100000,0x0000001d66200000) (1024K)]
  0x00000214e3f80f10 JavaThread "Swing-Shell"                daemon [_thread_blocked, id=28328, stack(0x0000001d66200000,0x0000001d66300000) (1024K)]
Total: 190

Other Threads:
=>0x000002143a0be3f0 VMThread "VM Thread"                           [id=24296, stack(0x0000001d57c00000,0x0000001d57d00000) (1024K)]
  0x00000214351aca50 WatcherThread "VM Periodic Task Thread"        [id=14152, stack(0x0000001d57b00000,0x0000001d57c00000) (1024K)]
  0x000002140b94c7f0 WorkerThread "GC Thread#0"                     [id=28384, stack(0x0000001d57600000,0x0000001d57700000) (1024K)]
  0x000002146381cb50 WorkerThread "GC Thread#1"                     [id=33144, stack(0x0000001d58900000,0x0000001d58a00000) (1024K)]
  0x000002146381cef0 WorkerThread "GC Thread#2"                     [id=860, stack(0x0000001d58a00000,0x0000001d58b00000) (1024K)]
  0x0000021463836740 WorkerThread "GC Thread#3"                     [id=15296, stack(0x0000001d58b00000,0x0000001d58c00000) (1024K)]
  0x0000021463836ae0 WorkerThread "GC Thread#4"                     [id=32184, stack(0x0000001d58c00000,0x0000001d58d00000) (1024K)]
  0x0000021463839aa0 WorkerThread "GC Thread#5"                     [id=18048, stack(0x0000001d58d00000,0x0000001d58e00000) (1024K)]
  0x0000021463849e50 WorkerThread "GC Thread#6"                     [id=29120, stack(0x0000001d58e00000,0x0000001d58f00000) (1024K)]
  0x000002146384c200 WorkerThread "GC Thread#7"                     [id=27700, stack(0x0000001d58f00000,0x0000001d59000000) (1024K)]
  0x0000021463e91180 WorkerThread "GC Thread#8"                     [id=5808, stack(0x0000001d5a000000,0x0000001d5a100000) (1024K)]
  0x0000021463e93220 WorkerThread "GC Thread#9"                     [id=31948, stack(0x0000001d5a100000,0x0000001d5a200000) (1024K)]
  0x0000021463e8f820 WorkerThread "GC Thread#10"                    [id=30760, stack(0x0000001d5a200000,0x0000001d5a300000) (1024K)]
  0x0000021464eefc80 WorkerThread "GC Thread#11"                    [id=25468, stack(0x0000001d5ae00000,0x0000001d5af00000) (1024K)]
  0x0000021464ef03c0 WorkerThread "GC Thread#12"                    [id=16172, stack(0x0000001d5af00000,0x0000001d5b000000) (1024K)]
  0x000002140b95e6f0 ConcurrentGCThread "G1 Main Marker"            [id=4576, stack(0x0000001d57700000,0x0000001d57800000) (1024K)]
  0x000002140b95f8a0 WorkerThread "G1 Conc#0"                       [id=18788, stack(0x0000001d57800000,0x0000001d57900000) (1024K)]
  0x0000021463e8fbc0 WorkerThread "G1 Conc#1"                       [id=34496, stack(0x0000001d5a300000,0x0000001d5a400000) (1024K)]
  0x0000021463e92e80 WorkerThread "G1 Conc#2"                       [id=32884, stack(0x0000001d5a400000,0x0000001d5a500000) (1024K)]
  0x000002143506a8c0 ConcurrentGCThread "G1 Refine#0"               [id=3408, stack(0x0000001d57900000,0x0000001d57a00000) (1024K)]
  0x000002143506d250 ConcurrentGCThread "G1 Service"                [id=37436, stack(0x0000001d57a00000,0x0000001d57b00000) (1024K)]
Total: 21

Threads with active compile tasks:
C2 CompilerThread0    35508 24995 %     4       dk.brics.automaton.BasicOperations::determinize @ 195 (393 bytes)
Total: 1

VM state: at safepoint (normal execution)

VM Mutex/Monitor currently owned by a thread:  ([mutex/lock_event])
[0x00007ffae0151758] Threads_lock - owner thread: 0x000002143a0be3f0
[0x00007ffae0151858] Heap_lock - owner thread: 0x00000214ee6832f0

Heap address: 0x0000000080000000, size: 2048 MB, Compressed Oops mode: 32-bit

CDS archive(s) not mapped
Compressed class space mapped at: 0x0000000100000000-0x0000000140000000, reserved size: 1073741824
Narrow klass base: 0x0000000000000000, Narrow klass shift: 3, Narrow klass range: 0x140000000

GC Precious Log:
 CardTable entry size: 512
 Card Set container configuration: InlinePtr #cards 5 size 8 Array Of Cards #cards 12 size 40 Howl #buckets 4 coarsen threshold 1843 Howl Bitmap #cards 512 size 80 coarsen threshold 460 Card regions per heap region 1 cards per card region 2048
 CPUs: 16 total, 16 available
 Memory: 16008M
 Large Page Support: Disabled
 NUMA Support: Disabled
 Compressed Oops: Enabled (32-bit)
 Heap Region Size: 1M
 Heap Min Capacity: 128M
 Heap Initial Capacity: 128M
 Heap Max Capacity: 2G
 Pre-touch: Disabled
 Parallel Workers: 13
 Concurrent Workers: 3
 Concurrent Refinement Workers: 13
 Periodic GC: Disabled

Heap:
 garbage-first heap   total 754688K, used 347952K [0x0000000080000000, 0x0000000100000000)
  region size 1024K, 27 young (27648K), 27 survivors (27648K)
 Metaspace       used 283733K, committed 287488K, reserved 1310720K
  class space    used 34785K, committed 36480K, reserved 1048576K

Heap Regions: E=young(eden), S=young(survivor), O=old, HS=humongous(starts), HC=humongous(continues), CS=collection set, F=free, TAMS=top-at-mark-start, PB=parsable bottom
|   0|0x0000000080000000, 0x0000000080100000, 0x0000000080100000|100%|HS|  |TAMS 0x0000000080100000| PB 0x0000000080000000| Complete 
|   1|0x0000000080100000, 0x0000000080200000, 0x0000000080200000|100%|HS|  |TAMS 0x0000000080200000| PB 0x0000000080100000| Complete 
|   2|0x0000000080200000, 0x0000000080300000, 0x0000000080300000|100%| O|  |TAMS 0x0000000080300000| PB 0x0000000080200000| Untracked 
|   3|0x0000000080300000, 0x0000000080400000, 0x0000000080400000|100%|HS|  |TAMS 0x0000000080400000| PB 0x0000000080300000| Complete 
|   4|0x0000000080400000, 0x0000000080500000, 0x0000000080500000|100%|HC|  |TAMS 0x0000000080500000| PB 0x0000000080400000| Complete 
|   5|0x0000000080500000, 0x0000000080600000, 0x0000000080600000|100%|HS|  |TAMS 0x0000000080600000| PB 0x0000000080500000| Complete 
|   6|0x0000000080600000, 0x0000000080700000, 0x0000000080700000|100%|HC|  |TAMS 0x0000000080700000| PB 0x0000000080600000| Complete 
|   7|0x0000000080700000, 0x0000000080800000, 0x0000000080800000|100%|HS|  |TAMS 0x0000000080800000| PB 0x0000000080700000| Complete 
|   8|0x0000000080800000, 0x0000000080900000, 0x0000000080900000|100%|HS|  |TAMS 0x0000000080900000| PB 0x0000000080800000| Complete 
|   9|0x0000000080900000, 0x0000000080a00000, 0x0000000080a00000|100%|HS|  |TAMS 0x0000000080a00000| PB 0x0000000080900000| Complete 
|  10|0x0000000080a00000, 0x0000000080b00000, 0x0000000080b00000|100%|HS|  |TAMS 0x0000000080b00000| PB 0x0000000080a00000| Complete 
|  11|0x0000000080b00000, 0x0000000080c00000, 0x0000000080c00000|100%| O|  |TAMS 0x0000000080c00000| PB 0x0000000080b00000| Untracked 
|  12|0x0000000080c00000, 0x0000000080d00000, 0x0000000080d00000|100%| O|  |TAMS 0x0000000080d00000| PB 0x0000000080c00000| Untracked 
|  13|0x0000000080d00000, 0x0000000080e00000, 0x0000000080e00000|100%| O|  |TAMS 0x0000000080e00000| PB 0x0000000080d00000| Untracked 
|  14|0x0000000080e00000, 0x0000000080f00000, 0x0000000080f00000|100%| O|  |TAMS 0x0000000080f00000| PB 0x0000000080e00000| Untracked 
|  15|0x0000000080f00000, 0x0000000081000000, 0x0000000081000000|100%| O|  |TAMS 0x0000000081000000| PB 0x0000000080f00000| Updating 
|  16|0x0000000081000000, 0x0000000081100000, 0x0000000081100000|100%| O|  |TAMS 0x0000000081100000| PB 0x0000000081000000| Untracked 
|  17|0x0000000081100000, 0x0000000081200000, 0x0000000081200000|100%| O|  |TAMS 0x0000000081200000| PB 0x0000000081100000| Updating 
|  18|0x0000000081200000, 0x0000000081300000, 0x0000000081300000|100%|HS|  |TAMS 0x0000000081300000| PB 0x0000000081200000| Complete 
|  19|0x0000000081300000, 0x0000000081400000, 0x0000000081400000|100%|HS|  |TAMS 0x0000000081400000| PB 0x0000000081300000| Complete 
|  20|0x0000000081400000, 0x0000000081500000, 0x0000000081500000|100%| O|  |TAMS 0x0000000081500000| PB 0x0000000081400000| Untracked 
|  21|0x0000000081500000, 0x0000000081600000, 0x0000000081600000|100%|HS|  |TAMS 0x0000000081600000| PB 0x0000000081500000| Complete 
|  22|0x0000000081600000, 0x0000000081700000, 0x0000000081700000|100%| O|  |TAMS 0x0000000081700000| PB 0x0000000081600000| Untracked 
|  23|0x0000000081700000, 0x0000000081800000, 0x0000000081800000|100%| O|  |TAMS 0x0000000081800000| PB 0x0000000081700000| Untracked 
|  24|0x0000000081800000, 0x0000000081900000, 0x0000000081900000|100%| O|  |TAMS 0x0000000081900000| PB 0x0000000081800000| Untracked 
|  25|0x0000000081900000, 0x0000000081a00000, 0x0000000081a00000|100%| O|  |TAMS 0x0000000081a00000| PB 0x0000000081900000| Untracked 
|  26|0x0000000081a00000, 0x0000000081b00000, 0x0000000081b00000|100%| O|  |TAMS 0x0000000081b00000| PB 0x0000000081a00000| Untracked 
|  27|0x0000000081b00000, 0x0000000081c00000, 0x0000000081c00000|100%| O|  |TAMS 0x0000000081c00000| PB 0x0000000081b00000| Untracked 
|  28|0x0000000081c00000, 0x0000000081d00000, 0x0000000081d00000|100%| O|  |TAMS 0x0000000081d00000| PB 0x0000000081c00000| Untracked 
|  29|0x0000000081d00000, 0x0000000081e00000, 0x0000000081e00000|100%| O|  |TAMS 0x0000000081e00000| PB 0x0000000081d00000| Updating 
|  30|0x0000000081e00000, 0x0000000081f00000, 0x0000000081f00000|100%| O|  |TAMS 0x0000000081f00000| PB 0x0000000081e00000| Untracked 
|  31|0x0000000081f00000, 0x0000000082000000, 0x0000000082000000|100%| O|  |TAMS 0x0000000082000000| PB 0x0000000081f00000| Updating 
|  32|0x0000000082000000, 0x0000000082100000, 0x0000000082100000|100%| O|  |TAMS 0x0000000082100000| PB 0x0000000082000000| Updating 
|  33|0x0000000082100000, 0x0000000082200000, 0x0000000082200000|100%| O|  |TAMS 0x0000000082200000| PB 0x0000000082100000| Updating 
|  34|0x0000000082200000, 0x0000000082300000, 0x0000000082300000|100%| O|  |TAMS 0x0000000082300000| PB 0x0000000082200000| Updating 
|  35|0x0000000082300000, 0x0000000082400000, 0x0000000082400000|100%| O|  |TAMS 0x0000000082400000| PB 0x0000000082300000| Untracked 
|  36|0x0000000082400000, 0x0000000082500000, 0x0000000082500000|100%| O|  |TAMS 0x0000000082500000| PB 0x0000000082400000| Updating 
|  37|0x0000000082500000, 0x0000000082600000, 0x0000000082600000|100%|HS|  |TAMS 0x0000000082600000| PB 0x0000000082500000| Complete 
|  38|0x0000000082600000, 0x0000000082700000, 0x0000000082700000|100%| O|  |TAMS 0x0000000082700000| PB 0x0000000082600000| Updating 
|  39|0x0000000082700000, 0x0000000082800000, 0x0000000082800000|100%| O|  |TAMS 0x0000000082800000| PB 0x0000000082700000| Untracked 
|  40|0x0000000082800000, 0x0000000082900000, 0x0000000082900000|100%| O|  |TAMS 0x0000000082900000| PB 0x0000000082800000| Updating 
|  41|0x0000000082900000, 0x0000000082a00000, 0x0000000082a00000|100%| O|  |TAMS 0x0000000082a00000| PB 0x0000000082900000| Untracked 
|  42|0x0000000082a00000, 0x0000000082b00000, 0x0000000082b00000|100%| O|  |TAMS 0x0000000082b00000| PB 0x0000000082a00000| Untracked 
|  43|0x0000000082b00000, 0x0000000082c00000, 0x0000000082c00000|100%| O|  |TAMS 0x0000000082c00000| PB 0x0000000082b00000| Untracked 
|  44|0x0000000082c00000, 0x0000000082d00000, 0x0000000082d00000|100%| O|  |TAMS 0x0000000082d00000| PB 0x0000000082c00000| Untracked 
|  45|0x0000000082d00000, 0x0000000082e00000, 0x0000000082e00000|100%| O|  |TAMS 0x0000000082e00000| PB 0x0000000082d00000| Untracked 
|  46|0x0000000082e00000, 0x0000000082f00000, 0x0000000082f00000|100%| O|  |TAMS 0x0000000082f00000| PB 0x0000000082e00000| Updating 
|  47|0x0000000082f00000, 0x0000000083000000, 0x0000000083000000|100%| O|  |TAMS 0x0000000083000000| PB 0x0000000082f00000| Updating 
|  48|0x0000000083000000, 0x0000000083100000, 0x0000000083100000|100%| O|  |TAMS 0x0000000083100000| PB 0x0000000083000000| Updating 
|  49|0x0000000083100000, 0x0000000083200000, 0x0000000083200000|100%| O|  |TAMS 0x0000000083200000| PB 0x0000000083100000| Updating 
|  50|0x0000000083200000, 0x0000000083300000, 0x0000000083300000|100%| O|  |TAMS 0x0000000083300000| PB 0x0000000083200000| Untracked 
|  51|0x0000000083300000, 0x0000000083400000, 0x0000000083400000|100%| O|  |TAMS 0x0000000083400000| PB 0x0000000083300000| Untracked 
|  52|0x0000000083400000, 0x0000000083500000, 0x0000000083500000|100%| O|  |TAMS 0x0000000083500000| PB 0x0000000083400000| Updating 
|  53|0x0000000083500000, 0x0000000083600000, 0x0000000083600000|100%| O|  |TAMS 0x0000000083600000| PB 0x0000000083500000| Untracked 
|  54|0x0000000083600000, 0x0000000083700000, 0x0000000083700000|100%| O|  |TAMS 0x0000000083700000| PB 0x0000000083600000| Untracked 
|  55|0x0000000083700000, 0x0000000083800000, 0x0000000083800000|100%| O|  |TAMS 0x0000000083800000| PB 0x0000000083700000| Untracked 
|  56|0x0000000083800000, 0x0000000083900000, 0x0000000083900000|100%|HS|  |TAMS 0x0000000083900000| PB 0x0000000083800000| Complete 
|  57|0x0000000083900000, 0x0000000083a00000, 0x0000000083a00000|100%|HC|  |TAMS 0x0000000083a00000| PB 0x0000000083900000| Complete 
|  58|0x0000000083a00000, 0x0000000083b00000, 0x0000000083b00000|100%|HC|  |TAMS 0x0000000083b00000| PB 0x0000000083a00000| Complete 
|  59|0x0000000083b00000, 0x0000000083c00000, 0x0000000083c00000|100%|HS|  |TAMS 0x0000000083c00000| PB 0x0000000083b00000| Complete 
|  60|0x0000000083c00000, 0x0000000083d00000, 0x0000000083d00000|100%|HS|  |TAMS 0x0000000083d00000| PB 0x0000000083c00000| Complete 
|  61|0x0000000083d00000, 0x0000000083e00000, 0x0000000083e00000|100%| O|  |TAMS 0x0000000083e00000| PB 0x0000000083d00000| Untracked 
|  62|0x0000000083e00000, 0x0000000083f00000, 0x0000000083f00000|100%| O|  |TAMS 0x0000000083f00000| PB 0x0000000083e00000| Untracked 
|  63|0x0000000083f00000, 0x0000000084000000, 0x0000000084000000|100%| O|  |TAMS 0x0000000084000000| PB 0x0000000083f00000| Updating 
|  64|0x0000000084000000, 0x0000000084100000, 0x0000000084100000|100%| O|  |TAMS 0x0000000084100000| PB 0x0000000084000000| Untracked 
|  65|0x0000000084100000, 0x0000000084200000, 0x0000000084200000|100%| O|  |TAMS 0x0000000084200000| PB 0x0000000084100000| Untracked 
|  66|0x0000000084200000, 0x0000000084300000, 0x0000000084300000|100%| O|  |TAMS 0x0000000084300000| PB 0x0000000084200000| Untracked 
|  67|0x0000000084300000, 0x0000000084400000, 0x0000000084400000|100%| O|  |TAMS 0x0000000084400000| PB 0x0000000084300000| Updating 
|  68|0x0000000084400000, 0x0000000084500000, 0x0000000084500000|100%| O|  |TAMS 0x0000000084500000| PB 0x0000000084400000| Untracked 
|  69|0x0000000084500000, 0x0000000084600000, 0x0000000084600000|100%| O|  |TAMS 0x0000000084600000| PB 0x0000000084500000| Untracked 
|  70|0x0000000084600000, 0x0000000084700000, 0x0000000084700000|100%| O|  |TAMS 0x0000000084700000| PB 0x0000000084600000| Untracked 
|  71|0x0000000084700000, 0x0000000084800000, 0x0000000084800000|100%| O|  |TAMS 0x0000000084800000| PB 0x0000000084700000| Untracked 
|  72|0x0000000084800000, 0x0000000084900000, 0x0000000084900000|100%| O|  |TAMS 0x0000000084900000| PB 0x0000000084800000| Untracked 
|  73|0x0000000084900000, 0x0000000084a00000, 0x0000000084a00000|100%| O|  |TAMS 0x0000000084a00000| PB 0x0000000084900000| Updating 
|  74|0x0000000084a00000, 0x0000000084b00000, 0x0000000084b00000|100%| O|  |TAMS 0x0000000084b00000| PB 0x0000000084a00000| Updating 
|  75|0x0000000084b00000, 0x0000000084c00000, 0x0000000084c00000|100%| O|  |TAMS 0x0000000084c00000| PB 0x0000000084b00000| Untracked 
|  76|0x0000000084c00000, 0x0000000084d00000, 0x0000000084d00000|100%| O|  |TAMS 0x0000000084d00000| PB 0x0000000084c00000| Untracked 
|  77|0x0000000084d00000, 0x0000000084e00000, 0x0000000084e00000|100%| O|  |TAMS 0x0000000084e00000| PB 0x0000000084d00000| Untracked 
|  78|0x0000000084e00000, 0x0000000084f00000, 0x0000000084f00000|100%| O|  |TAMS 0x0000000084f00000| PB 0x0000000084e00000| Untracked 
|  79|0x0000000084f00000, 0x0000000085000000, 0x0000000085000000|100%| O|  |TAMS 0x0000000085000000| PB 0x0000000084f00000| Untracked 
|  80|0x0000000085000000, 0x0000000085100000, 0x0000000085100000|100%| O|  |TAMS 0x0000000085100000| PB 0x0000000085000000| Untracked 
|  81|0x0000000085100000, 0x0000000085200000, 0x0000000085200000|100%| O|  |TAMS 0x0000000085200000| PB 0x0000000085100000| Untracked 
|  82|0x0000000085200000, 0x0000000085300000, 0x0000000085300000|100%| O|  |TAMS 0x0000000085300000| PB 0x0000000085200000| Untracked 
|  83|0x0000000085300000, 0x0000000085400000, 0x0000000085400000|100%| O|  |TAMS 0x0000000085400000| PB 0x0000000085300000| Untracked 
|  84|0x0000000085400000, 0x0000000085500000, 0x0000000085500000|100%| O|  |TAMS 0x0000000085500000| PB 0x0000000085400000| Updating 
|  85|0x0000000085500000, 0x0000000085600000, 0x0000000085600000|100%| O|  |TAMS 0x0000000085600000| PB 0x0000000085500000| Untracked 
|  86|0x0000000085600000, 0x0000000085700000, 0x0000000085700000|100%| O|  |TAMS 0x0000000085700000| PB 0x0000000085600000| Untracked 
|  87|0x0000000085700000, 0x0000000085800000, 0x0000000085800000|100%| O|  |TAMS 0x0000000085800000| PB 0x0000000085700000| Untracked 
|  88|0x0000000085800000, 0x0000000085900000, 0x0000000085900000|100%| O|  |TAMS 0x0000000085900000| PB 0x0000000085800000| Untracked 
|  89|0x0000000085900000, 0x0000000085a00000, 0x0000000085a00000|100%| O|  |TAMS 0x0000000085a00000| PB 0x0000000085900000| Untracked 
|  90|0x0000000085a00000, 0x0000000085b00000, 0x0000000085b00000|100%| O|  |TAMS 0x0000000085b00000| PB 0x0000000085a00000| Untracked 
|  91|0x0000000085b00000, 0x0000000085c00000, 0x0000000085c00000|100%| O|  |TAMS 0x0000000085c00000| PB 0x0000000085b00000| Updating 
|  92|0x0000000085c00000, 0x0000000085d00000, 0x0000000085d00000|100%| O|  |TAMS 0x0000000085d00000| PB 0x0000000085c00000| Updating 
|  93|0x0000000085d00000, 0x0000000085e00000, 0x0000000085e00000|100%| O|  |TAMS 0x0000000085e00000| PB 0x0000000085d00000| Untracked 
|  94|0x0000000085e00000, 0x0000000085f00000, 0x0000000085f00000|100%| O|  |TAMS 0x0000000085f00000| PB 0x0000000085e00000| Untracked 
|  95|0x0000000085f00000, 0x0000000086000000, 0x0000000086000000|100%| O|  |TAMS 0x0000000086000000| PB 0x0000000085f00000| Untracked 
|  96|0x0000000086000000, 0x0000000086100000, 0x0000000086100000|100%| O|  |TAMS 0x0000000086100000| PB 0x0000000086000000| Untracked 
|  97|0x0000000086100000, 0x0000000086200000, 0x0000000086200000|100%| O|  |TAMS 0x0000000086200000| PB 0x0000000086100000| Updating 
|  98|0x0000000086200000, 0x0000000086300000, 0x0000000086300000|100%| O|  |TAMS 0x0000000086300000| PB 0x0000000086200000| Updating 
|  99|0x0000000086300000, 0x0000000086400000, 0x0000000086400000|100%| O|  |TAMS 0x0000000086400000| PB 0x0000000086300000| Untracked 
| 100|0x0000000086400000, 0x0000000086500000, 0x0000000086500000|100%| O|  |TAMS 0x0000000086500000| PB 0x0000000086400000| Untracked 
| 101|0x0000000086500000, 0x0000000086600000, 0x0000000086600000|100%| O|  |TAMS 0x0000000086600000| PB 0x0000000086500000| Untracked 
| 102|0x0000000086600000, 0x0000000086700000, 0x0000000086700000|100%| O|  |TAMS 0x0000000086700000| PB 0x0000000086600000| Untracked 
| 103|0x0000000086700000, 0x0000000086800000, 0x0000000086800000|100%| O|  |TAMS 0x0000000086800000| PB 0x0000000086700000| Untracked 
| 104|0x0000000086800000, 0x0000000086900000, 0x0000000086900000|100%| O|  |TAMS 0x0000000086900000| PB 0x0000000086800000| Updating 
| 105|0x0000000086900000, 0x0000000086a00000, 0x0000000086a00000|100%| O|  |TAMS 0x0000000086a00000| PB 0x0000000086900000| Updating 
| 106|0x0000000086a00000, 0x0000000086b00000, 0x0000000086b00000|100%|HS|  |TAMS 0x0000000086b00000| PB 0x0000000086a00000| Complete 
| 107|0x0000000086b00000, 0x0000000086c00000, 0x0000000086c00000|100%| O|  |TAMS 0x0000000086c00000| PB 0x0000000086b00000| Untracked 
| 108|0x0000000086c00000, 0x0000000086d00000, 0x0000000086d00000|100%| O|  |TAMS 0x0000000086d00000| PB 0x0000000086c00000| Untracked 
| 109|0x0000000086d00000, 0x0000000086e00000, 0x0000000086e00000|100%| O|  |TAMS 0x0000000086e00000| PB 0x0000000086d00000| Untracked 
| 110|0x0000000086e00000, 0x0000000086f00000, 0x0000000086f00000|100%| O|  |TAMS 0x0000000086f00000| PB 0x0000000086e00000| Untracked 
| 111|0x0000000086f00000, 0x0000000087000000, 0x0000000087000000|100%| O|  |TAMS 0x0000000087000000| PB 0x0000000086f00000| Untracked 
| 112|0x0000000087000000, 0x0000000087100000, 0x0000000087100000|100%| O|  |TAMS 0x0000000087100000| PB 0x0000000087000000| Untracked 
| 113|0x0000000087100000, 0x0000000087200000, 0x0000000087200000|100%| O|  |TAMS 0x0000000087200000| PB 0x0000000087100000| Updating 
| 114|0x0000000087200000, 0x0000000087300000, 0x0000000087300000|100%| O|  |TAMS 0x0000000087300000| PB 0x0000000087200000| Updating 
| 115|0x0000000087300000, 0x0000000087400000, 0x0000000087400000|100%| O|  |TAMS 0x0000000087400000| PB 0x0000000087300000| Updating 
| 116|0x0000000087400000, 0x0000000087500000, 0x0000000087500000|100%| O|  |TAMS 0x0000000087500000| PB 0x0000000087400000| Updating 
| 117|0x0000000087500000, 0x0000000087600000, 0x0000000087600000|100%| O|  |TAMS 0x0000000087600000| PB 0x0000000087500000| Updating 
| 118|0x0000000087600000, 0x0000000087700000, 0x0000000087700000|100%| O|  |TAMS 0x0000000087700000| PB 0x0000000087600000| Untracked 
| 119|0x0000000087700000, 0x0000000087800000, 0x0000000087800000|100%| O|  |TAMS 0x0000000087800000| PB 0x0000000087700000| Untracked 
| 120|0x0000000087800000, 0x0000000087900000, 0x0000000087900000|100%| O|  |TAMS 0x0000000087900000| PB 0x0000000087800000| Untracked 
| 121|0x0000000087900000, 0x0000000087a00000, 0x0000000087a00000|100%| O|  |TAMS 0x0000000087a00000| PB 0x0000000087900000| Untracked 
| 122|0x0000000087a00000, 0x0000000087b00000, 0x0000000087b00000|100%| O|  |TAMS 0x0000000087b00000| PB 0x0000000087a00000| Untracked 
| 123|0x0000000087b00000, 0x0000000087c00000, 0x0000000087c00000|100%| O|  |TAMS 0x0000000087c00000| PB 0x0000000087b00000| Updating 
| 124|0x0000000087c00000, 0x0000000087d00000, 0x0000000087d00000|100%| O|  |TAMS 0x0000000087d00000| PB 0x0000000087c00000| Untracked 
| 125|0x0000000087d00000, 0x0000000087e00000, 0x0000000087e00000|100%|HS|  |TAMS 0x0000000087e00000| PB 0x0000000087d00000| Complete 
| 126|0x0000000087e00000, 0x0000000087f00000, 0x0000000087f00000|100%|HC|  |TAMS 0x0000000087f00000| PB 0x0000000087e00000| Complete 
| 127|0x0000000087f00000, 0x0000000088000000, 0x0000000088000000|100%|HC|  |TAMS 0x0000000088000000| PB 0x0000000087f00000| Complete 
| 128|0x0000000088000000, 0x0000000088100000, 0x0000000088100000|100%|HC|  |TAMS 0x0000000088100000| PB 0x0000000088000000| Complete 
| 129|0x0000000088100000, 0x0000000088200000, 0x0000000088200000|100%|HC|  |TAMS 0x0000000088200000| PB 0x0000000088100000| Complete 
| 130|0x0000000088200000, 0x0000000088300000, 0x0000000088300000|100%|HC|  |TAMS 0x0000000088300000| PB 0x0000000088200000| Complete 
| 131|0x0000000088300000, 0x0000000088400000, 0x0000000088400000|100%| O|  |TAMS 0x0000000088400000| PB 0x0000000088300000| Untracked 
| 132|0x0000000088400000, 0x0000000088500000, 0x0000000088500000|100%| O|  |TAMS 0x0000000088500000| PB 0x0000000088400000| Untracked 
| 133|0x0000000088500000, 0x0000000088600000, 0x0000000088600000|100%| O|  |TAMS 0x0000000088600000| PB 0x0000000088500000| Updating 
| 134|0x0000000088600000, 0x0000000088700000, 0x0000000088700000|100%| O|  |TAMS 0x0000000088700000| PB 0x0000000088600000| Untracked 
| 135|0x0000000088700000, 0x0000000088800000, 0x0000000088800000|100%| O|  |TAMS 0x0000000088800000| PB 0x0000000088700000| Updating 
| 136|0x0000000088800000, 0x0000000088900000, 0x0000000088900000|100%| O|  |TAMS 0x0000000088900000| PB 0x0000000088800000| Updating 
| 137|0x0000000088900000, 0x0000000088a00000, 0x0000000088a00000|100%|HS|  |TAMS 0x0000000088a00000| PB 0x0000000088900000| Complete 
| 138|0x0000000088a00000, 0x0000000088b00000, 0x0000000088b00000|100%| O|  |TAMS 0x0000000088b00000| PB 0x0000000088a00000| Untracked 
| 139|0x0000000088b00000, 0x0000000088c00000, 0x0000000088c00000|100%| O|  |TAMS 0x0000000088c00000| PB 0x0000000088b00000| Untracked 
| 140|0x0000000088c00000, 0x0000000088d00000, 0x0000000088d00000|100%| O|  |TAMS 0x0000000088d00000| PB 0x0000000088c00000| Untracked 
| 141|0x0000000088d00000, 0x0000000088e00000, 0x0000000088e00000|100%|HS|  |TAMS 0x0000000088e00000| PB 0x0000000088d00000| Complete 
| 142|0x0000000088e00000, 0x0000000088f00000, 0x0000000088f00000|100%|HC|  |TAMS 0x0000000088f00000| PB 0x0000000088e00000| Complete 
| 143|0x0000000088f00000, 0x0000000089000000, 0x0000000089000000|100%| O|  |TAMS 0x0000000089000000| PB 0x0000000088f00000| Untracked 
| 144|0x0000000089000000, 0x0000000089100000, 0x0000000089100000|100%| O|  |TAMS 0x0000000089100000| PB 0x0000000089000000| Updating 
| 145|0x0000000089100000, 0x0000000089200000, 0x0000000089200000|100%| O|  |TAMS 0x0000000089200000| PB 0x0000000089100000| Updating 
| 146|0x0000000089200000, 0x0000000089300000, 0x0000000089300000|100%| O|  |TAMS 0x0000000089300000| PB 0x0000000089200000| Updating 
| 147|0x0000000089300000, 0x0000000089400000, 0x0000000089400000|100%| O|  |TAMS 0x0000000089400000| PB 0x0000000089300000| Updating 
| 148|0x0000000089400000, 0x0000000089500000, 0x0000000089500000|100%| O|  |TAMS 0x0000000089500000| PB 0x0000000089400000| Updating 
| 149|0x0000000089500000, 0x0000000089600000, 0x0000000089600000|100%| O|  |TAMS 0x0000000089600000| PB 0x0000000089500000| Updating 
| 150|0x0000000089600000, 0x0000000089700000, 0x0000000089700000|100%| O|  |TAMS 0x0000000089700000| PB 0x0000000089600000| Updating 
| 151|0x0000000089700000, 0x0000000089800000, 0x0000000089800000|100%| O|  |TAMS 0x0000000089800000| PB 0x0000000089700000| Untracked 
| 152|0x0000000089800000, 0x0000000089900000, 0x0000000089900000|100%| O|  |TAMS 0x0000000089900000| PB 0x0000000089800000| Updating 
| 153|0x0000000089900000, 0x0000000089a00000, 0x0000000089a00000|100%| O|  |TAMS 0x0000000089a00000| PB 0x0000000089900000| Updating 
| 154|0x0000000089a00000, 0x0000000089b00000, 0x0000000089b00000|100%| O|  |TAMS 0x0000000089b00000| PB 0x0000000089a00000| Untracked 
| 155|0x0000000089b00000, 0x0000000089c00000, 0x0000000089c00000|100%| O|  |TAMS 0x0000000089c00000| PB 0x0000000089b00000| Untracked 
| 156|0x0000000089c00000, 0x0000000089d00000, 0x0000000089d00000|100%| O|  |TAMS 0x0000000089d00000| PB 0x0000000089c00000| Untracked 
| 157|0x0000000089d00000, 0x0000000089e00000, 0x0000000089e00000|100%| O|  |TAMS 0x0000000089e00000| PB 0x0000000089d00000| Updating 
| 158|0x0000000089e00000, 0x0000000089f00000, 0x0000000089f00000|100%|HS|  |TAMS 0x0000000089f00000| PB 0x0000000089e00000| Complete 
| 159|0x0000000089f00000, 0x000000008a000000, 0x000000008a000000|100%|HC|  |TAMS 0x000000008a000000| PB 0x0000000089f00000| Complete 
| 160|0x000000008a000000, 0x000000008a100000, 0x000000008a100000|100%|HC|  |TAMS 0x000000008a100000| PB 0x000000008a000000| Complete 
| 161|0x000000008a100000, 0x000000008a200000, 0x000000008a200000|100%|HC|  |TAMS 0x000000008a200000| PB 0x000000008a100000| Complete 
| 162|0x000000008a200000, 0x000000008a300000, 0x000000008a300000|100%|HC|  |TAMS 0x000000008a300000| PB 0x000000008a200000| Complete 
| 163|0x000000008a300000, 0x000000008a400000, 0x000000008a400000|100%|HC|  |TAMS 0x000000008a400000| PB 0x000000008a300000| Complete 
| 164|0x000000008a400000, 0x000000008a500000, 0x000000008a500000|100%|HC|  |TAMS 0x000000008a500000| PB 0x000000008a400000| Complete 
| 165|0x000000008a500000, 0x000000008a600000, 0x000000008a600000|100%| O|  |TAMS 0x000000008a600000| PB 0x000000008a500000| Updating 
| 166|0x000000008a600000, 0x000000008a700000, 0x000000008a700000|100%| O|  |TAMS 0x000000008a700000| PB 0x000000008a600000| Updating 
| 167|0x000000008a700000, 0x000000008a800000, 0x000000008a800000|100%| O|  |TAMS 0x000000008a800000| PB 0x000000008a700000| Updating 
| 168|0x000000008a800000, 0x000000008a900000, 0x000000008a900000|100%| O|  |TAMS 0x000000008a900000| PB 0x000000008a800000| Untracked 
| 169|0x000000008a900000, 0x000000008aa00000, 0x000000008aa00000|100%| O|  |TAMS 0x000000008aa00000| PB 0x000000008a900000| Updating 
| 170|0x000000008aa00000, 0x000000008ab00000, 0x000000008ab00000|100%| O|  |TAMS 0x000000008ab00000| PB 0x000000008aa00000| Updating 
| 171|0x000000008ab00000, 0x000000008ac00000, 0x000000008ac00000|100%| O|  |TAMS 0x000000008ac00000| PB 0x000000008ab00000| Updating 
| 172|0x000000008ac00000, 0x000000008ad00000, 0x000000008ad00000|100%| O|  |TAMS 0x000000008ad00000| PB 0x000000008ac00000| Updating 
| 173|0x000000008ad00000, 0x000000008ae00000, 0x000000008ae00000|100%| O|  |TAMS 0x000000008ae00000| PB 0x000000008ad00000| Updating 
| 174|0x000000008ae00000, 0x000000008af00000, 0x000000008af00000|100%| O|  |TAMS 0x000000008af00000| PB 0x000000008ae00000| Updating 
| 175|0x000000008af00000, 0x000000008b000000, 0x000000008b000000|100%| O|  |TAMS 0x000000008af00000| PB 0x000000008af00000| Untracked 
| 176|0x000000008b000000, 0x000000008b100000, 0x000000008b100000|100%| O|  |TAMS 0x000000008b100000| PB 0x000000008b000000| Untracked 
| 177|0x000000008b100000, 0x000000008b200000, 0x000000008b200000|100%| O|  |TAMS 0x000000008b200000| PB 0x000000008b100000| Untracked 
| 178|0x000000008b200000, 0x000000008b300000, 0x000000008b300000|100%| O|  |TAMS 0x000000008b300000| PB 0x000000008b200000| Updating 
| 179|0x000000008b300000, 0x000000008b400000, 0x000000008b400000|100%| O|  |TAMS 0x000000008b400000| PB 0x000000008b300000| Updating 
| 180|0x000000008b400000, 0x000000008b500000, 0x000000008b500000|100%| O|  |TAMS 0x000000008b500000| PB 0x000000008b400000| Untracked 
| 181|0x000000008b500000, 0x000000008b600000, 0x000000008b600000|100%| O|  |TAMS 0x000000008b600000| PB 0x000000008b500000| Untracked 
| 182|0x000000008b600000, 0x000000008b700000, 0x000000008b700000|100%| O|  |TAMS 0x000000008b700000| PB 0x000000008b600000| Untracked 
| 183|0x000000008b700000, 0x000000008b800000, 0x000000008b800000|100%| O|  |TAMS 0x000000008b800000| PB 0x000000008b700000| Updating 
| 184|0x000000008b800000, 0x000000008b900000, 0x000000008b900000|100%| O|  |TAMS 0x000000008b900000| PB 0x000000008b800000| Updating 
| 185|0x000000008b900000, 0x000000008ba00000, 0x000000008ba00000|100%| O|  |TAMS 0x000000008ba00000| PB 0x000000008b900000| Updating 
| 186|0x000000008ba00000, 0x000000008bb00000, 0x000000008bb00000|100%| O|  |TAMS 0x000000008bb00000| PB 0x000000008ba00000| Updating 
| 187|0x000000008bb00000, 0x000000008bc00000, 0x000000008bc00000|100%| O|  |TAMS 0x000000008bc00000| PB 0x000000008bb00000| Updating 
| 188|0x000000008bc00000, 0x000000008bd00000, 0x000000008bd00000|100%| O|  |TAMS 0x000000008bd00000| PB 0x000000008bc00000| Updating 
| 189|0x000000008bd00000, 0x000000008be00000, 0x000000008be00000|100%| O|  |TAMS 0x000000008be00000| PB 0x000000008bd00000| Untracked 
| 190|0x000000008be00000, 0x000000008bf00000, 0x000000008bf00000|100%| O|  |TAMS 0x000000008bf00000| PB 0x000000008be00000| Updating 
| 191|0x000000008bf00000, 0x000000008c000000, 0x000000008c000000|100%| O|  |TAMS 0x000000008bf00000| PB 0x000000008bf00000| Untracked 
| 192|0x000000008c000000, 0x000000008c100000, 0x000000008c100000|100%| O|  |TAMS 0x000000008c100000| PB 0x000000008c000000| Updating 
| 193|0x000000008c100000, 0x000000008c200000, 0x000000008c200000|100%| O|  |TAMS 0x000000008c200000| PB 0x000000008c100000| Untracked 
| 194|0x000000008c200000, 0x000000008c300000, 0x000000008c300000|100%| O|  |TAMS 0x000000008c300000| PB 0x000000008c200000| Updating 
| 195|0x000000008c300000, 0x000000008c400000, 0x000000008c400000|100%| O|  |TAMS 0x000000008c400000| PB 0x000000008c400000| Untracked 
| 196|0x000000008c400000, 0x000000008c500000, 0x000000008c500000|100%| O|  |TAMS 0x000000008c500000| PB 0x000000008c500000| Untracked 
| 197|0x000000008c500000, 0x000000008c600000, 0x000000008c600000|100%| O|  |TAMS 0x000000008c600000| PB 0x000000008c600000| Updating 
| 198|0x000000008c600000, 0x000000008c700000, 0x000000008c700000|100%| O|  |TAMS 0x000000008c700000| PB 0x000000008c700000| Untracked 
| 199|0x000000008c700000, 0x000000008c800000, 0x000000008c800000|100%| O|  |TAMS 0x000000008c800000| PB 0x000000008c800000| Updating 
| 200|0x000000008c800000, 0x000000008c900000, 0x000000008c900000|100%| O|  |TAMS 0x000000008c900000| PB 0x000000008c900000| Updating 
| 201|0x000000008c900000, 0x000000008ca00000, 0x000000008ca00000|100%| O|  |TAMS 0x000000008ca00000| PB 0x000000008ca00000| Untracked 
| 202|0x000000008ca00000, 0x000000008cb00000, 0x000000008cb00000|100%| O|  |TAMS 0x000000008cb00000| PB 0x000000008cb00000| Updating 
| 203|0x000000008cb00000, 0x000000008cc00000, 0x000000008cc00000|100%| O|  |TAMS 0x000000008cc00000| PB 0x000000008cc00000| Updating 
| 204|0x000000008cc00000, 0x000000008cd00000, 0x000000008cd00000|100%| O|  |TAMS 0x000000008cd00000| PB 0x000000008cd00000| Updating 
| 205|0x000000008cd00000, 0x000000008ce00000, 0x000000008ce00000|100%| O|  |TAMS 0x000000008cd00000| PB 0x000000008cd00000| Untracked 
| 206|0x000000008ce00000, 0x000000008cf00000, 0x000000008cf00000|100%| O|  |TAMS 0x000000008cf00000| PB 0x000000008cf00000| Updating 
| 207|0x000000008cf00000, 0x000000008d000000, 0x000000008d000000|100%| O|  |TAMS 0x000000008d000000| PB 0x000000008d000000| Updating 
| 208|0x000000008d000000, 0x000000008d100000, 0x000000008d100000|100%| O|  |TAMS 0x000000008d100000| PB 0x000000008d100000| Updating 
| 209|0x000000008d100000, 0x000000008d200000, 0x000000008d200000|100%| O|  |TAMS 0x000000008d100000| PB 0x000000008d100000| Untracked 
| 210|0x000000008d200000, 0x000000008d300000, 0x000000008d300000|100%|HS|  |TAMS 0x000000008d300000| PB 0x000000008d200000| Complete 
| 211|0x000000008d300000, 0x000000008d400000, 0x000000008d400000|100%|HC|  |TAMS 0x000000008d400000| PB 0x000000008d300000| Complete 
| 212|0x000000008d400000, 0x000000008d500000, 0x000000008d500000|100%| O|  |TAMS 0x000000008d400000| PB 0x000000008d400000| Untracked 
| 213|0x000000008d500000, 0x000000008d600000, 0x000000008d600000|100%| O|  |TAMS 0x000000008d500000| PB 0x000000008d500000| Untracked 
| 214|0x000000008d600000, 0x000000008d700000, 0x000000008d700000|100%| O|  |TAMS 0x000000008d600000| PB 0x000000008d600000| Untracked 
| 215|0x000000008d700000, 0x000000008d800000, 0x000000008d800000|100%|HS|  |TAMS 0x000000008d800000| PB 0x000000008d700000| Updating 
| 216|0x000000008d800000, 0x000000008d900000, 0x000000008d900000|100%| O|  |TAMS 0x000000008d900000| PB 0x000000008d900000| Updating 
| 217|0x000000008d900000, 0x000000008da00000, 0x000000008da00000|100%| O|  |TAMS 0x000000008da00000| PB 0x000000008da00000| Updating 
| 218|0x000000008da00000, 0x000000008db00000, 0x000000008db00000|100%| O|  |TAMS 0x000000008db00000| PB 0x000000008db00000| Updating 
| 219|0x000000008db00000, 0x000000008dc00000, 0x000000008dc00000|100%| O|  |TAMS 0x000000008dc00000| PB 0x000000008dc00000| Untracked 
| 220|0x000000008dc00000, 0x000000008dd00000, 0x000000008dd00000|100%| O|  |TAMS 0x000000008dd00000| PB 0x000000008dd00000| Updating 
| 221|0x000000008dd00000, 0x000000008de00000, 0x000000008de00000|100%| O|  |TAMS 0x000000008dd00000| PB 0x000000008dd00000| Untracked 
| 222|0x000000008de00000, 0x000000008df00000, 0x000000008df00000|100%| O|  |TAMS 0x000000008de00000| PB 0x000000008de00000| Untracked 
| 223|0x000000008df00000, 0x000000008e000000, 0x000000008e000000|100%| O|  |TAMS 0x000000008df00000| PB 0x000000008df00000| Untracked 
| 224|0x000000008e000000, 0x000000008e100000, 0x000000008e100000|100%| O|  |TAMS 0x000000008e100000| PB 0x000000008e100000| Untracked 
| 225|0x000000008e100000, 0x000000008e200000, 0x000000008e200000|100%| O|  |TAMS 0x000000008e100000| PB 0x000000008e100000| Untracked 
| 226|0x000000008e200000, 0x000000008e300000, 0x000000008e300000|100%| O|  |TAMS 0x000000008e200000| PB 0x000000008e200000| Untracked 
| 227|0x000000008e300000, 0x000000008e400000, 0x000000008e400000|100%| O|  |TAMS 0x000000008e400000| PB 0x000000008e400000| Untracked 
| 228|0x000000008e400000, 0x000000008e500000, 0x000000008e500000|100%| O|  |TAMS 0x000000008e500000| PB 0x000000008e500000| Untracked 
| 229|0x000000008e500000, 0x000000008e600000, 0x000000008e600000|100%| O|  |TAMS 0x000000008e500000| PB 0x000000008e500000| Untracked 
| 230|0x000000008e600000, 0x000000008e700000, 0x000000008e700000|100%| O|  |TAMS 0x000000008e600000| PB 0x000000008e600000| Untracked 
| 231|0x000000008e700000, 0x000000008e800000, 0x000000008e800000|100%| O|  |TAMS 0x000000008e800000| PB 0x000000008e800000| Untracked 
| 232|0x000000008e800000, 0x000000008e900000, 0x000000008e900000|100%| O|  |TAMS 0x000000008e900000| PB 0x000000008e900000| Untracked 
| 233|0x000000008e900000, 0x000000008ea00000, 0x000000008ea00000|100%| O|  |TAMS 0x000000008ea00000| PB 0x000000008ea00000| Updating 
| 234|0x000000008ea00000, 0x000000008eb00000, 0x000000008eb00000|100%| O|  |TAMS 0x000000008ea00000| PB 0x000000008ea00000| Untracked 
| 235|0x000000008eb00000, 0x000000008ec00000, 0x000000008ec00000|100%|HS|  |TAMS 0x000000008ec00000| PB 0x000000008eb00000| Complete 
| 236|0x000000008ec00000, 0x000000008ed00000, 0x000000008ed00000|100%|HC|  |TAMS 0x000000008ed00000| PB 0x000000008ec00000| Complete 
| 237|0x000000008ed00000, 0x000000008ee00000, 0x000000008ee00000|100%|HC|  |TAMS 0x000000008ee00000| PB 0x000000008ed00000| Complete 
| 238|0x000000008ee00000, 0x000000008ef00000, 0x000000008ef00000|100%|HC|  |TAMS 0x000000008ef00000| PB 0x000000008ee00000| Complete 
| 239|0x000000008ef00000, 0x000000008f000000, 0x000000008f000000|100%|HC|  |TAMS 0x000000008f000000| PB 0x000000008ef00000| Complete 
| 240|0x000000008f000000, 0x000000008f100000, 0x000000008f100000|100%|HC|  |TAMS 0x000000008f100000| PB 0x000000008f000000| Complete 
| 241|0x000000008f100000, 0x000000008f200000, 0x000000008f200000|100%|HC|  |TAMS 0x000000008f200000| PB 0x000000008f100000| Complete 
| 242|0x000000008f200000, 0x000000008f300000, 0x000000008f300000|100%|HC|  |TAMS 0x000000008f300000| PB 0x000000008f200000| Complete 
| 243|0x000000008f300000, 0x000000008f400000, 0x000000008f400000|100%|HC|  |TAMS 0x000000008f400000| PB 0x000000008f300000| Complete 
| 244|0x000000008f400000, 0x000000008f500000, 0x000000008f500000|100%|HC|  |TAMS 0x000000008f500000| PB 0x000000008f400000| Complete 
| 245|0x000000008f500000, 0x000000008f600000, 0x000000008f600000|100%|HC|  |TAMS 0x000000008f600000| PB 0x000000008f500000| Complete 
| 246|0x000000008f600000, 0x000000008f700000, 0x000000008f700000|100%|HC|  |TAMS 0x000000008f700000| PB 0x000000008f600000| Complete 
| 247|0x000000008f700000, 0x000000008f800000, 0x000000008f800000|100%|HC|  |TAMS 0x000000008f800000| PB 0x000000008f700000| Complete 
| 248|0x000000008f800000, 0x000000008f900000, 0x000000008f900000|100%|HC|  |TAMS 0x000000008f900000| PB 0x000000008f800000| Complete 
| 249|0x000000008f900000, 0x000000008fa00000, 0x000000008fa00000|100%|HC|  |TAMS 0x000000008fa00000| PB 0x000000008f900000| Complete 
| 250|0x000000008fa00000, 0x000000008fb00000, 0x000000008fb00000|100%|HC|  |TAMS 0x000000008fb00000| PB 0x000000008fa00000| Complete 
| 251|0x000000008fb00000, 0x000000008fc00000, 0x000000008fc00000|100%|HC|  |TAMS 0x000000008fc00000| PB 0x000000008fb00000| Complete 
| 252|0x000000008fc00000, 0x000000008fd00000, 0x000000008fd00000|100%| O|  |TAMS 0x000000008fd00000| PB 0x000000008fd00000| Untracked 
| 253|0x000000008fd00000, 0x000000008fe00000, 0x000000008fe00000|100%| O|  |TAMS 0x000000008fe00000| PB 0x000000008fe00000| Untracked 
| 254|0x000000008fe00000, 0x000000008ff00000, 0x000000008ff00000|100%| O|  |TAMS 0x000000008ff00000| PB 0x000000008ff00000| Untracked 
| 255|0x000000008ff00000, 0x0000000090000000, 0x0000000090000000|100%| O|  |TAMS 0x0000000090000000| PB 0x0000000090000000| Untracked 
| 256|0x0000000090000000, 0x0000000090100000, 0x0000000090100000|100%| O|  |TAMS 0x0000000090100000| PB 0x0000000090100000| Updating 
| 257|0x0000000090100000, 0x0000000090200000, 0x0000000090200000|100%| O|  |TAMS 0x0000000090100000| PB 0x0000000090100000| Untracked 
| 258|0x0000000090200000, 0x0000000090300000, 0x0000000090300000|100%| O|  |TAMS 0x0000000090200000| PB 0x0000000090200000| Untracked 
| 259|0x0000000090300000, 0x0000000090400000, 0x0000000090400000|100%| O|  |TAMS 0x0000000090300000| PB 0x0000000090300000| Untracked 
| 260|0x0000000090400000, 0x0000000090500000, 0x0000000090500000|100%| O|  |TAMS 0x0000000090400000| PB 0x0000000090400000| Untracked 
| 261|0x0000000090500000, 0x0000000090600000, 0x0000000090600000|100%| O|  |TAMS 0x0000000090500000| PB 0x0000000090500000| Untracked 
| 262|0x0000000090600000, 0x0000000090700000, 0x0000000090700000|100%| O|  |TAMS 0x0000000090600000| PB 0x0000000090600000| Untracked 
| 263|0x0000000090700000, 0x0000000090800000, 0x0000000090800000|100%| O|  |TAMS 0x0000000090700000| PB 0x0000000090700000| Untracked 
| 264|0x0000000090800000, 0x0000000090900000, 0x0000000090900000|100%| O|  |TAMS 0x0000000090800000| PB 0x0000000090800000| Untracked 
| 265|0x0000000090900000, 0x0000000090a00000, 0x0000000090a00000|100%| O|  |TAMS 0x0000000090900000| PB 0x0000000090900000| Untracked 
| 266|0x0000000090a00000, 0x0000000090b00000, 0x0000000090b00000|100%| O|  |TAMS 0x0000000090a00000| PB 0x0000000090a00000| Untracked 
| 267|0x0000000090b00000, 0x0000000090c00000, 0x0000000090c00000|100%| O|  |TAMS 0x0000000090b00000| PB 0x0000000090b00000| Untracked 
| 268|0x0000000090c00000, 0x0000000090d00000, 0x0000000090d00000|100%| O|  |TAMS 0x0000000090c00000| PB 0x0000000090c00000| Untracked 
| 269|0x0000000090d00000, 0x0000000090e00000, 0x0000000090e00000|100%| O|  |TAMS 0x0000000090d00000| PB 0x0000000090d00000| Untracked 
| 270|0x0000000090e00000, 0x0000000090f00000, 0x0000000090f00000|100%| O|  |TAMS 0x0000000090e00000| PB 0x0000000090e00000| Untracked 
| 271|0x0000000090f00000, 0x0000000091000000, 0x0000000091000000|100%| O|  |TAMS 0x0000000090f00000| PB 0x0000000090f00000| Untracked 
| 272|0x0000000091000000, 0x0000000091100000, 0x0000000091100000|100%| O|  |TAMS 0x0000000091000000| PB 0x0000000091000000| Untracked 
| 273|0x0000000091100000, 0x0000000091200000, 0x0000000091200000|100%| O|  |TAMS 0x0000000091100000| PB 0x0000000091100000| Untracked 
| 274|0x0000000091200000, 0x0000000091300000, 0x0000000091300000|100%| O|  |TAMS 0x0000000091200000| PB 0x0000000091200000| Untracked 
| 275|0x0000000091300000, 0x0000000091400000, 0x0000000091400000|100%| O|  |TAMS 0x0000000091300000| PB 0x0000000091300000| Untracked 
| 276|0x0000000091400000, 0x0000000091500000, 0x0000000091500000|100%| O|  |TAMS 0x0000000091400000| PB 0x0000000091400000| Untracked 
| 277|0x0000000091500000, 0x0000000091600000, 0x0000000091600000|100%| O|  |TAMS 0x0000000091500000| PB 0x0000000091500000| Untracked 
| 278|0x0000000091600000, 0x0000000091700000, 0x0000000091700000|100%| O|  |TAMS 0x0000000091600000| PB 0x0000000091600000| Untracked 
| 279|0x0000000091700000, 0x0000000091800000, 0x0000000091800000|100%| O|  |TAMS 0x0000000091700000| PB 0x0000000091700000| Untracked 
| 280|0x0000000091800000, 0x0000000091900000, 0x0000000091900000|100%| O|  |TAMS 0x0000000091800000| PB 0x0000000091800000| Untracked 
| 281|0x0000000091900000, 0x0000000091a00000, 0x0000000091a00000|100%| O|  |TAMS 0x0000000091900000| PB 0x0000000091900000| Untracked 
| 282|0x0000000091a00000, 0x0000000091b00000, 0x0000000091b00000|100%| O|  |TAMS 0x0000000091a00000| PB 0x0000000091a00000| Untracked 
| 283|0x0000000091b00000, 0x0000000091c00000, 0x0000000091c00000|100%| O|  |TAMS 0x0000000091b00000| PB 0x0000000091b00000| Untracked 
| 284|0x0000000091c00000, 0x0000000091c00000, 0x0000000091d00000|  0%| F|  |TAMS 0x0000000091c00000| PB 0x0000000091c00000| Untracked 
| 285|0x0000000091d00000, 0x0000000091d00000, 0x0000000091e00000|  0%| F|  |TAMS 0x0000000091d00000| PB 0x0000000091d00000| Untracked 
| 286|0x0000000091e00000, 0x0000000091e00000, 0x0000000091f00000|  0%| F|  |TAMS 0x0000000091e00000| PB 0x0000000091e00000| Untracked 
| 287|0x0000000091f00000, 0x0000000091f00000, 0x0000000092000000|  0%| F|  |TAMS 0x0000000091f00000| PB 0x0000000091f00000| Untracked 
| 288|0x0000000092000000, 0x0000000092000000, 0x0000000092100000|  0%| F|  |TAMS 0x0000000092000000| PB 0x0000000092000000| Untracked 
| 289|0x0000000092100000, 0x0000000092100000, 0x0000000092200000|  0%| F|  |TAMS 0x0000000092100000| PB 0x0000000092100000| Untracked 
| 290|0x0000000092200000, 0x0000000092200000, 0x0000000092300000|  0%| F|  |TAMS 0x0000000092200000| PB 0x0000000092200000| Untracked 
| 291|0x0000000092300000, 0x0000000092300000, 0x0000000092400000|  0%| F|  |TAMS 0x0000000092300000| PB 0x0000000092300000| Untracked 
| 292|0x0000000092400000, 0x0000000092500000, 0x0000000092500000|100%| O|  |TAMS 0x0000000092400000| PB 0x0000000092400000| Untracked 
| 293|0x0000000092500000, 0x0000000092600000, 0x0000000092600000|100%| O|  |TAMS 0x0000000092500000| PB 0x0000000092500000| Untracked 
| 294|0x0000000092600000, 0x0000000092700000, 0x0000000092700000|100%| O|  |TAMS 0x0000000092600000| PB 0x0000000092600000| Untracked 
| 295|0x0000000092700000, 0x0000000092800000, 0x0000000092800000|100%| O|  |TAMS 0x0000000092700000| PB 0x0000000092700000| Untracked 
| 296|0x0000000092800000, 0x0000000092900000, 0x0000000092900000|100%| O|  |TAMS 0x0000000092800000| PB 0x0000000092800000| Untracked 
| 297|0x0000000092900000, 0x0000000092a00000, 0x0000000092a00000|100%| O|  |TAMS 0x0000000092900000| PB 0x0000000092900000| Untracked 
| 298|0x0000000092a00000, 0x0000000092b00000, 0x0000000092b00000|100%| O|  |TAMS 0x0000000092a00000| PB 0x0000000092a00000| Untracked 
| 299|0x0000000092b00000, 0x0000000092c00000, 0x0000000092c00000|100%| O|  |TAMS 0x0000000092b00000| PB 0x0000000092b00000| Untracked 
| 300|0x0000000092c00000, 0x0000000092d00000, 0x0000000092d00000|100%| O|  |TAMS 0x0000000092c00000| PB 0x0000000092c00000| Untracked 
| 301|0x0000000092d00000, 0x0000000092e00000, 0x0000000092e00000|100%| O|  |TAMS 0x0000000092d00000| PB 0x0000000092d00000| Untracked 
| 302|0x0000000092e00000, 0x0000000092f00000, 0x0000000092f00000|100%| O|  |TAMS 0x0000000092e00000| PB 0x0000000092e00000| Untracked 
| 303|0x0000000092f00000, 0x0000000093000000, 0x0000000093000000|100%| O|  |TAMS 0x0000000092f00000| PB 0x0000000092f00000| Untracked 
| 304|0x0000000093000000, 0x0000000093100000, 0x0000000093100000|100%| O|  |TAMS 0x0000000093000000| PB 0x0000000093000000| Untracked 
| 305|0x0000000093100000, 0x0000000093200000, 0x0000000093200000|100%| O|  |TAMS 0x0000000093100000| PB 0x0000000093100000| Untracked 
| 306|0x0000000093200000, 0x0000000093300000, 0x0000000093300000|100%| O|  |TAMS 0x0000000093200000| PB 0x0000000093200000| Untracked 
| 307|0x0000000093300000, 0x0000000093400000, 0x0000000093400000|100%| O|  |TAMS 0x0000000093300000| PB 0x0000000093300000| Untracked 
| 308|0x0000000093400000, 0x00000000934cc1d0, 0x0000000093500000| 79%| O|  |TAMS 0x0000000093400000| PB 0x0000000093400000| Untracked 
| 309|0x0000000093500000, 0x0000000093500000, 0x0000000093600000|  0%| F|  |TAMS 0x0000000093500000| PB 0x0000000093500000| Untracked 
| 310|0x0000000093600000, 0x0000000093600000, 0x0000000093700000|  0%| F|  |TAMS 0x0000000093600000| PB 0x0000000093600000| Untracked 
| 311|0x0000000093700000, 0x0000000093700000, 0x0000000093800000|  0%| F|  |TAMS 0x0000000093700000| PB 0x0000000093700000| Untracked 
| 312|0x0000000093800000, 0x0000000093800000, 0x0000000093900000|  0%| F|  |TAMS 0x0000000093800000| PB 0x0000000093800000| Untracked 
| 313|0x0000000093900000, 0x0000000093900000, 0x0000000093a00000|  0%| F|  |TAMS 0x0000000093900000| PB 0x0000000093900000| Untracked 
| 314|0x0000000093a00000, 0x0000000093a00000, 0x0000000093b00000|  0%| F|  |TAMS 0x0000000093a00000| PB 0x0000000093a00000| Untracked 
| 315|0x0000000093b00000, 0x0000000093b00000, 0x0000000093c00000|  0%| F|  |TAMS 0x0000000093b00000| PB 0x0000000093b00000| Untracked 
| 316|0x0000000093c00000, 0x0000000093c00000, 0x0000000093d00000|  0%| F|  |TAMS 0x0000000093c00000| PB 0x0000000093c00000| Untracked 
| 317|0x0000000093d00000, 0x0000000093d00000, 0x0000000093e00000|  0%| F|  |TAMS 0x0000000093d00000| PB 0x0000000093d00000| Untracked 
| 318|0x0000000093e00000, 0x0000000093e00000, 0x0000000093f00000|  0%| F|  |TAMS 0x0000000093e00000| PB 0x0000000093e00000| Untracked 
| 319|0x0000000093f00000, 0x0000000093f00000, 0x0000000094000000|  0%| F|  |TAMS 0x0000000093f00000| PB 0x0000000093f00000| Untracked 
| 320|0x0000000094000000, 0x0000000094000000, 0x0000000094100000|  0%| F|  |TAMS 0x0000000094000000| PB 0x0000000094000000| Untracked 
| 321|0x0000000094100000, 0x0000000094100000, 0x0000000094200000|  0%| F|  |TAMS 0x0000000094100000| PB 0x0000000094100000| Untracked 
| 322|0x0000000094200000, 0x0000000094200000, 0x0000000094300000|  0%| F|  |TAMS 0x0000000094200000| PB 0x0000000094200000| Untracked 
| 323|0x0000000094300000, 0x0000000094300000, 0x0000000094400000|  0%| F|  |TAMS 0x0000000094300000| PB 0x0000000094300000| Untracked 
| 324|0x0000000094400000, 0x0000000094400000, 0x0000000094500000|  0%| F|  |TAMS 0x0000000094400000| PB 0x0000000094400000| Untracked 
| 325|0x0000000094500000, 0x0000000094500000, 0x0000000094600000|  0%| F|  |TAMS 0x0000000094500000| PB 0x0000000094500000| Untracked 
| 326|0x0000000094600000, 0x0000000094600000, 0x0000000094700000|  0%| F|  |TAMS 0x0000000094600000| PB 0x0000000094600000| Untracked 
| 327|0x0000000094700000, 0x0000000094700000, 0x0000000094800000|  0%| F|  |TAMS 0x0000000094700000| PB 0x0000000094700000| Untracked 
| 328|0x0000000094800000, 0x0000000094800000, 0x0000000094900000|  0%| F|  |TAMS 0x0000000094800000| PB 0x0000000094800000| Untracked 
| 329|0x0000000094900000, 0x0000000094900000, 0x0000000094a00000|  0%| F|  |TAMS 0x0000000094900000| PB 0x0000000094900000| Untracked 
| 330|0x0000000094a00000, 0x0000000094a00000, 0x0000000094b00000|  0%| F|  |TAMS 0x0000000094a00000| PB 0x0000000094a00000| Untracked 
| 331|0x0000000094b00000, 0x0000000094b00000, 0x0000000094c00000|  0%| F|  |TAMS 0x0000000094b00000| PB 0x0000000094b00000| Untracked 
| 332|0x0000000094c00000, 0x0000000094c00000, 0x0000000094d00000|  0%| F|  |TAMS 0x0000000094c00000| PB 0x0000000094c00000| Untracked 
| 333|0x0000000094d00000, 0x0000000094d00000, 0x0000000094e00000|  0%| F|  |TAMS 0x0000000094d00000| PB 0x0000000094d00000| Untracked 
| 334|0x0000000094e00000, 0x0000000094e00000, 0x0000000094f00000|  0%| F|  |TAMS 0x0000000094e00000| PB 0x0000000094e00000| Untracked 
| 335|0x0000000094f00000, 0x0000000094f00000, 0x0000000095000000|  0%| F|  |TAMS 0x0000000094f00000| PB 0x0000000094f00000| Untracked 
| 336|0x0000000095000000, 0x0000000095000000, 0x0000000095100000|  0%| F|  |TAMS 0x0000000095000000| PB 0x0000000095000000| Untracked 
| 337|0x0000000095100000, 0x0000000095100000, 0x0000000095200000|  0%| F|  |TAMS 0x0000000095100000| PB 0x0000000095100000| Untracked 
| 338|0x0000000095200000, 0x0000000095200000, 0x0000000095300000|  0%| F|  |TAMS 0x0000000095200000| PB 0x0000000095200000| Untracked 
| 339|0x0000000095300000, 0x0000000095300000, 0x0000000095400000|  0%| F|  |TAMS 0x0000000095300000| PB 0x0000000095300000| Untracked 
| 340|0x0000000095400000, 0x0000000095400000, 0x0000000095500000|  0%| F|  |TAMS 0x0000000095400000| PB 0x0000000095400000| Untracked 
| 341|0x0000000095500000, 0x0000000095500000, 0x0000000095600000|  0%| F|  |TAMS 0x0000000095500000| PB 0x0000000095500000| Untracked 
| 342|0x0000000095600000, 0x0000000095600000, 0x0000000095700000|  0%| F|  |TAMS 0x0000000095600000| PB 0x0000000095600000| Untracked 
| 343|0x0000000095700000, 0x0000000095700000, 0x0000000095800000|  0%| F|  |TAMS 0x0000000095700000| PB 0x0000000095700000| Untracked 
| 344|0x0000000095800000, 0x0000000095800000, 0x0000000095900000|  0%| F|  |TAMS 0x0000000095800000| PB 0x0000000095800000| Untracked 
| 345|0x0000000095900000, 0x0000000095900000, 0x0000000095a00000|  0%| F|  |TAMS 0x0000000095900000| PB 0x0000000095900000| Untracked 
| 346|0x0000000095a00000, 0x0000000095a00000, 0x0000000095b00000|  0%| F|  |TAMS 0x0000000095a00000| PB 0x0000000095a00000| Untracked 
| 347|0x0000000095b00000, 0x0000000095b00000, 0x0000000095c00000|  0%| F|  |TAMS 0x0000000095b00000| PB 0x0000000095b00000| Untracked 
| 348|0x0000000095c00000, 0x0000000095c00000, 0x0000000095d00000|  0%| F|  |TAMS 0x0000000095c00000| PB 0x0000000095c00000| Untracked 
| 349|0x0000000095d00000, 0x0000000095d00000, 0x0000000095e00000|  0%| F|  |TAMS 0x0000000095d00000| PB 0x0000000095d00000| Untracked 
| 350|0x0000000095e00000, 0x0000000095e00000, 0x0000000095f00000|  0%| F|  |TAMS 0x0000000095e00000| PB 0x0000000095e00000| Untracked 
| 351|0x0000000095f00000, 0x0000000095f00000, 0x0000000096000000|  0%| F|  |TAMS 0x0000000095f00000| PB 0x0000000095f00000| Untracked 
| 352|0x0000000096000000, 0x0000000096000000, 0x0000000096100000|  0%| F|  |TAMS 0x0000000096000000| PB 0x0000000096000000| Untracked 
| 353|0x0000000096100000, 0x0000000096100000, 0x0000000096200000|  0%| F|  |TAMS 0x0000000096100000| PB 0x0000000096100000| Untracked 
| 354|0x0000000096200000, 0x0000000096200000, 0x0000000096300000|  0%| F|  |TAMS 0x0000000096200000| PB 0x0000000096200000| Untracked 
| 355|0x0000000096300000, 0x0000000096300000, 0x0000000096400000|  0%| F|  |TAMS 0x0000000096300000| PB 0x0000000096300000| Untracked 
| 356|0x0000000096400000, 0x0000000096400000, 0x0000000096500000|  0%| F|  |TAMS 0x0000000096400000| PB 0x0000000096400000| Untracked 
| 357|0x0000000096500000, 0x0000000096500000, 0x0000000096600000|  0%| F|  |TAMS 0x0000000096500000| PB 0x0000000096500000| Untracked 
| 358|0x0000000096600000, 0x0000000096600000, 0x0000000096700000|  0%| F|  |TAMS 0x0000000096600000| PB 0x0000000096600000| Untracked 
| 359|0x0000000096700000, 0x0000000096700000, 0x0000000096800000|  0%| F|  |TAMS 0x0000000096700000| PB 0x0000000096700000| Untracked 
| 360|0x0000000096800000, 0x0000000096800000, 0x0000000096900000|  0%| F|  |TAMS 0x0000000096800000| PB 0x0000000096800000| Untracked 
| 361|0x0000000096900000, 0x0000000096900000, 0x0000000096a00000|  0%| F|  |TAMS 0x0000000096900000| PB 0x0000000096900000| Untracked 
| 362|0x0000000096a00000, 0x0000000096a00000, 0x0000000096b00000|  0%| F|  |TAMS 0x0000000096a00000| PB 0x0000000096a00000| Untracked 
| 363|0x0000000096b00000, 0x0000000096b00000, 0x0000000096c00000|  0%| F|  |TAMS 0x0000000096b00000| PB 0x0000000096b00000| Untracked 
| 364|0x0000000096c00000, 0x0000000096c00000, 0x0000000096d00000|  0%| F|  |TAMS 0x0000000096c00000| PB 0x0000000096c00000| Untracked 
| 365|0x0000000096d00000, 0x0000000096d00000, 0x0000000096e00000|  0%| F|  |TAMS 0x0000000096d00000| PB 0x0000000096d00000| Untracked 
| 366|0x0000000096e00000, 0x0000000096e00000, 0x0000000096f00000|  0%| F|  |TAMS 0x0000000096e00000| PB 0x0000000096e00000| Untracked 
| 367|0x0000000096f00000, 0x0000000096f00000, 0x0000000097000000|  0%| F|  |TAMS 0x0000000096f00000| PB 0x0000000096f00000| Untracked 
| 368|0x0000000097000000, 0x0000000097000000, 0x0000000097100000|  0%| F|  |TAMS 0x0000000097000000| PB 0x0000000097000000| Untracked 
| 369|0x0000000097100000, 0x0000000097100000, 0x0000000097200000|  0%| F|  |TAMS 0x0000000097100000| PB 0x0000000097100000| Untracked 
| 370|0x0000000097200000, 0x0000000097200000, 0x0000000097300000|  0%| F|  |TAMS 0x0000000097200000| PB 0x0000000097200000| Untracked 
| 371|0x0000000097300000, 0x0000000097300000, 0x0000000097400000|  0%| F|  |TAMS 0x0000000097300000| PB 0x0000000097300000| Untracked 
| 372|0x0000000097400000, 0x0000000097400000, 0x0000000097500000|  0%| F|  |TAMS 0x0000000097400000| PB 0x0000000097400000| Untracked 
| 373|0x0000000097500000, 0x0000000097500000, 0x0000000097600000|  0%| F|  |TAMS 0x0000000097500000| PB 0x0000000097500000| Untracked 
| 374|0x0000000097600000, 0x0000000097600000, 0x0000000097700000|  0%| F|  |TAMS 0x0000000097600000| PB 0x0000000097600000| Untracked 
| 375|0x0000000097700000, 0x0000000097700000, 0x0000000097800000|  0%| F|  |TAMS 0x0000000097700000| PB 0x0000000097700000| Untracked 
| 376|0x0000000097800000, 0x0000000097800000, 0x0000000097900000|  0%| F|  |TAMS 0x0000000097800000| PB 0x0000000097800000| Untracked 
| 377|0x0000000097900000, 0x0000000097900000, 0x0000000097a00000|  0%| F|  |TAMS 0x0000000097900000| PB 0x0000000097900000| Untracked 
| 378|0x0000000097a00000, 0x0000000097a00000, 0x0000000097b00000|  0%| F|  |TAMS 0x0000000097a00000| PB 0x0000000097a00000| Untracked 
| 379|0x0000000097b00000, 0x0000000097b00000, 0x0000000097c00000|  0%| F|  |TAMS 0x0000000097b00000| PB 0x0000000097b00000| Untracked 
| 380|0x0000000097c00000, 0x0000000097c00000, 0x0000000097d00000|  0%| F|  |TAMS 0x0000000097c00000| PB 0x0000000097c00000| Untracked 
| 381|0x0000000097d00000, 0x0000000097d00000, 0x0000000097e00000|  0%| F|  |TAMS 0x0000000097d00000| PB 0x0000000097d00000| Untracked 
| 382|0x0000000097e00000, 0x0000000097e00000, 0x0000000097f00000|  0%| F|  |TAMS 0x0000000097e00000| PB 0x0000000097e00000| Untracked 
| 383|0x0000000097f00000, 0x0000000097f00000, 0x0000000098000000|  0%| F|  |TAMS 0x0000000097f00000| PB 0x0000000097f00000| Untracked 
| 384|0x0000000098000000, 0x0000000098000000, 0x0000000098100000|  0%| F|  |TAMS 0x0000000098000000| PB 0x0000000098000000| Untracked 
| 385|0x0000000098100000, 0x0000000098100000, 0x0000000098200000|  0%| F|  |TAMS 0x0000000098100000| PB 0x0000000098100000| Untracked 
| 386|0x0000000098200000, 0x0000000098200000, 0x0000000098300000|  0%| F|  |TAMS 0x0000000098200000| PB 0x0000000098200000| Untracked 
| 387|0x0000000098300000, 0x0000000098300000, 0x0000000098400000|  0%| F|  |TAMS 0x0000000098300000| PB 0x0000000098300000| Untracked 
| 388|0x0000000098400000, 0x0000000098400000, 0x0000000098500000|  0%| F|  |TAMS 0x0000000098400000| PB 0x0000000098400000| Untracked 
| 389|0x0000000098500000, 0x0000000098500000, 0x0000000098600000|  0%| F|  |TAMS 0x0000000098500000| PB 0x0000000098500000| Untracked 
| 390|0x0000000098600000, 0x0000000098600000, 0x0000000098700000|  0%| F|  |TAMS 0x0000000098600000| PB 0x0000000098600000| Untracked 
| 391|0x0000000098700000, 0x0000000098700000, 0x0000000098800000|  0%| F|  |TAMS 0x0000000098700000| PB 0x0000000098700000| Untracked 
| 392|0x0000000098800000, 0x0000000098800000, 0x0000000098900000|  0%| F|  |TAMS 0x0000000098800000| PB 0x0000000098800000| Untracked 
| 393|0x0000000098900000, 0x0000000098900000, 0x0000000098a00000|  0%| F|  |TAMS 0x0000000098900000| PB 0x0000000098900000| Untracked 
| 394|0x0000000098a00000, 0x0000000098a00000, 0x0000000098b00000|  0%| F|  |TAMS 0x0000000098a00000| PB 0x0000000098a00000| Untracked 
| 395|0x0000000098b00000, 0x0000000098b00000, 0x0000000098c00000|  0%| F|  |TAMS 0x0000000098b00000| PB 0x0000000098b00000| Untracked 
| 396|0x0000000098c00000, 0x0000000098c00000, 0x0000000098d00000|  0%| F|  |TAMS 0x0000000098c00000| PB 0x0000000098c00000| Untracked 
| 397|0x0000000098d00000, 0x0000000098d00000, 0x0000000098e00000|  0%| F|  |TAMS 0x0000000098d00000| PB 0x0000000098d00000| Untracked 
| 398|0x0000000098e00000, 0x0000000098e00000, 0x0000000098f00000|  0%| F|  |TAMS 0x0000000098e00000| PB 0x0000000098e00000| Untracked 
| 399|0x0000000098f00000, 0x0000000098f00000, 0x0000000099000000|  0%| F|  |TAMS 0x0000000098f00000| PB 0x0000000098f00000| Untracked 
| 400|0x0000000099000000, 0x0000000099000000, 0x0000000099100000|  0%| F|  |TAMS 0x0000000099000000| PB 0x0000000099000000| Untracked 
| 401|0x0000000099100000, 0x0000000099100000, 0x0000000099200000|  0%| F|  |TAMS 0x0000000099100000| PB 0x0000000099100000| Untracked 
| 402|0x0000000099200000, 0x0000000099200000, 0x0000000099300000|  0%| F|  |TAMS 0x0000000099200000| PB 0x0000000099200000| Untracked 
| 403|0x0000000099300000, 0x0000000099300000, 0x0000000099400000|  0%| F|  |TAMS 0x0000000099300000| PB 0x0000000099300000| Untracked 
| 404|0x0000000099400000, 0x0000000099400000, 0x0000000099500000|  0%| F|  |TAMS 0x0000000099400000| PB 0x0000000099400000| Untracked 
| 405|0x0000000099500000, 0x0000000099500000, 0x0000000099600000|  0%| F|  |TAMS 0x0000000099500000| PB 0x0000000099500000| Untracked 
| 406|0x0000000099600000, 0x0000000099600000, 0x0000000099700000|  0%| F|  |TAMS 0x0000000099600000| PB 0x0000000099600000| Untracked 
| 407|0x0000000099700000, 0x0000000099700000, 0x0000000099800000|  0%| F|  |TAMS 0x0000000099700000| PB 0x0000000099700000| Untracked 
| 408|0x0000000099800000, 0x0000000099800000, 0x0000000099900000|  0%| F|  |TAMS 0x0000000099800000| PB 0x0000000099800000| Untracked 
| 409|0x0000000099900000, 0x0000000099900000, 0x0000000099a00000|  0%| F|  |TAMS 0x0000000099900000| PB 0x0000000099900000| Untracked 
| 410|0x0000000099a00000, 0x0000000099a00000, 0x0000000099b00000|  0%| F|  |TAMS 0x0000000099a00000| PB 0x0000000099a00000| Untracked 
| 411|0x0000000099b00000, 0x0000000099b00000, 0x0000000099c00000|  0%| F|  |TAMS 0x0000000099b00000| PB 0x0000000099b00000| Untracked 
| 412|0x0000000099c00000, 0x0000000099c00000, 0x0000000099d00000|  0%| F|  |TAMS 0x0000000099c00000| PB 0x0000000099c00000| Untracked 
| 413|0x0000000099d00000, 0x0000000099d00000, 0x0000000099e00000|  0%| F|  |TAMS 0x0000000099d00000| PB 0x0000000099d00000| Untracked 
| 414|0x0000000099e00000, 0x0000000099e00000, 0x0000000099f00000|  0%| F|  |TAMS 0x0000000099e00000| PB 0x0000000099e00000| Untracked 
| 415|0x0000000099f00000, 0x0000000099f00000, 0x000000009a000000|  0%| F|  |TAMS 0x0000000099f00000| PB 0x0000000099f00000| Untracked 
| 416|0x000000009a000000, 0x000000009a000000, 0x000000009a100000|  0%| F|  |TAMS 0x000000009a000000| PB 0x000000009a000000| Untracked 
| 417|0x000000009a100000, 0x000000009a100000, 0x000000009a200000|  0%| F|  |TAMS 0x000000009a100000| PB 0x000000009a100000| Untracked 
| 418|0x000000009a200000, 0x000000009a200000, 0x000000009a300000|  0%| F|  |TAMS 0x000000009a200000| PB 0x000000009a200000| Untracked 
| 419|0x000000009a300000, 0x000000009a300000, 0x000000009a400000|  0%| F|  |TAMS 0x000000009a300000| PB 0x000000009a300000| Untracked 
| 420|0x000000009a400000, 0x000000009a400000, 0x000000009a500000|  0%| F|  |TAMS 0x000000009a400000| PB 0x000000009a400000| Untracked 
| 421|0x000000009a500000, 0x000000009a500000, 0x000000009a600000|  0%| F|  |TAMS 0x000000009a500000| PB 0x000000009a500000| Untracked 
| 422|0x000000009a600000, 0x000000009a600000, 0x000000009a700000|  0%| F|  |TAMS 0x000000009a600000| PB 0x000000009a600000| Untracked 
| 423|0x000000009a700000, 0x000000009a700000, 0x000000009a800000|  0%| F|  |TAMS 0x000000009a700000| PB 0x000000009a700000| Untracked 
| 424|0x000000009a800000, 0x000000009a800000, 0x000000009a900000|  0%| F|  |TAMS 0x000000009a800000| PB 0x000000009a800000| Untracked 
| 425|0x000000009a900000, 0x000000009a900000, 0x000000009aa00000|  0%| F|  |TAMS 0x000000009a900000| PB 0x000000009a900000| Untracked 
| 426|0x000000009aa00000, 0x000000009aa00000, 0x000000009ab00000|  0%| F|  |TAMS 0x000000009aa00000| PB 0x000000009aa00000| Untracked 
| 427|0x000000009ab00000, 0x000000009ab00000, 0x000000009ac00000|  0%| F|  |TAMS 0x000000009ab00000| PB 0x000000009ab00000| Untracked 
| 428|0x000000009ac00000, 0x000000009ac00000, 0x000000009ad00000|  0%| F|  |TAMS 0x000000009ac00000| PB 0x000000009ac00000| Untracked 
| 429|0x000000009ad00000, 0x000000009ad00000, 0x000000009ae00000|  0%| F|  |TAMS 0x000000009ad00000| PB 0x000000009ad00000| Untracked 
| 430|0x000000009ae00000, 0x000000009ae00000, 0x000000009af00000|  0%| F|  |TAMS 0x000000009ae00000| PB 0x000000009ae00000| Untracked 
| 431|0x000000009af00000, 0x000000009af00000, 0x000000009b000000|  0%| F|  |TAMS 0x000000009af00000| PB 0x000000009af00000| Untracked 
| 432|0x000000009b000000, 0x000000009b000000, 0x000000009b100000|  0%| F|  |TAMS 0x000000009b000000| PB 0x000000009b000000| Untracked 
| 433|0x000000009b100000, 0x000000009b100000, 0x000000009b200000|  0%| F|  |TAMS 0x000000009b100000| PB 0x000000009b100000| Untracked 
| 434|0x000000009b200000, 0x000000009b200000, 0x000000009b300000|  0%| F|  |TAMS 0x000000009b200000| PB 0x000000009b200000| Untracked 
| 435|0x000000009b300000, 0x000000009b300000, 0x000000009b400000|  0%| F|  |TAMS 0x000000009b300000| PB 0x000000009b300000| Untracked 
| 436|0x000000009b400000, 0x000000009b400000, 0x000000009b500000|  0%| F|  |TAMS 0x000000009b400000| PB 0x000000009b400000| Untracked 
| 437|0x000000009b500000, 0x000000009b500000, 0x000000009b600000|  0%| F|  |TAMS 0x000000009b500000| PB 0x000000009b500000| Untracked 
| 438|0x000000009b600000, 0x000000009b600000, 0x000000009b700000|  0%| F|  |TAMS 0x000000009b600000| PB 0x000000009b600000| Untracked 
| 439|0x000000009b700000, 0x000000009b700000, 0x000000009b800000|  0%| F|  |TAMS 0x000000009b700000| PB 0x000000009b700000| Untracked 
| 440|0x000000009b800000, 0x000000009b800000, 0x000000009b900000|  0%| F|  |TAMS 0x000000009b800000| PB 0x000000009b800000| Untracked 
| 441|0x000000009b900000, 0x000000009b900000, 0x000000009ba00000|  0%| F|  |TAMS 0x000000009b900000| PB 0x000000009b900000| Untracked 
| 442|0x000000009ba00000, 0x000000009ba00000, 0x000000009bb00000|  0%| F|  |TAMS 0x000000009ba00000| PB 0x000000009ba00000| Untracked 
| 443|0x000000009bb00000, 0x000000009bb00000, 0x000000009bc00000|  0%| F|  |TAMS 0x000000009bb00000| PB 0x000000009bb00000| Untracked 
| 444|0x000000009bc00000, 0x000000009bc00000, 0x000000009bd00000|  0%| F|  |TAMS 0x000000009bc00000| PB 0x000000009bc00000| Untracked 
| 445|0x000000009bd00000, 0x000000009bd00000, 0x000000009be00000|  0%| F|  |TAMS 0x000000009bd00000| PB 0x000000009bd00000| Untracked 
| 446|0x000000009be00000, 0x000000009be00000, 0x000000009bf00000|  0%| F|  |TAMS 0x000000009be00000| PB 0x000000009be00000| Untracked 
| 447|0x000000009bf00000, 0x000000009bf00000, 0x000000009c000000|  0%| F|  |TAMS 0x000000009bf00000| PB 0x000000009bf00000| Untracked 
| 448|0x000000009c000000, 0x000000009c000000, 0x000000009c100000|  0%| F|  |TAMS 0x000000009c000000| PB 0x000000009c000000| Untracked 
| 449|0x000000009c100000, 0x000000009c100000, 0x000000009c200000|  0%| F|  |TAMS 0x000000009c100000| PB 0x000000009c100000| Untracked 
| 450|0x000000009c200000, 0x000000009c200000, 0x000000009c300000|  0%| F|  |TAMS 0x000000009c200000| PB 0x000000009c200000| Untracked 
| 451|0x000000009c300000, 0x000000009c300000, 0x000000009c400000|  0%| F|  |TAMS 0x000000009c300000| PB 0x000000009c300000| Untracked 
| 452|0x000000009c400000, 0x000000009c400000, 0x000000009c500000|  0%| F|  |TAMS 0x000000009c400000| PB 0x000000009c400000| Untracked 
| 453|0x000000009c500000, 0x000000009c500000, 0x000000009c600000|  0%| F|  |TAMS 0x000000009c500000| PB 0x000000009c500000| Untracked 
| 454|0x000000009c600000, 0x000000009c600000, 0x000000009c700000|  0%| F|  |TAMS 0x000000009c600000| PB 0x000000009c600000| Untracked 
| 455|0x000000009c700000, 0x000000009c700000, 0x000000009c800000|  0%| F|  |TAMS 0x000000009c700000| PB 0x000000009c700000| Untracked 
| 456|0x000000009c800000, 0x000000009c800000, 0x000000009c900000|  0%| F|  |TAMS 0x000000009c800000| PB 0x000000009c800000| Untracked 
| 457|0x000000009c900000, 0x000000009c900000, 0x000000009ca00000|  0%| F|  |TAMS 0x000000009c900000| PB 0x000000009c900000| Untracked 
| 458|0x000000009ca00000, 0x000000009ca00000, 0x000000009cb00000|  0%| F|  |TAMS 0x000000009ca00000| PB 0x000000009ca00000| Untracked 
| 459|0x000000009cb00000, 0x000000009cb00000, 0x000000009cc00000|  0%| F|  |TAMS 0x000000009cb00000| PB 0x000000009cb00000| Untracked 
| 460|0x000000009cc00000, 0x000000009cc00000, 0x000000009cd00000|  0%| F|  |TAMS 0x000000009cc00000| PB 0x000000009cc00000| Untracked 
| 461|0x000000009cd00000, 0x000000009cd00000, 0x000000009ce00000|  0%| F|  |TAMS 0x000000009cd00000| PB 0x000000009cd00000| Untracked 
| 462|0x000000009ce00000, 0x000000009ce00000, 0x000000009cf00000|  0%| F|  |TAMS 0x000000009ce00000| PB 0x000000009ce00000| Untracked 
| 463|0x000000009cf00000, 0x000000009cf00000, 0x000000009d000000|  0%| F|  |TAMS 0x000000009cf00000| PB 0x000000009cf00000| Untracked 
| 464|0x000000009d000000, 0x000000009d000000, 0x000000009d100000|  0%| F|  |TAMS 0x000000009d000000| PB 0x000000009d000000| Untracked 
| 465|0x000000009d100000, 0x000000009d100000, 0x000000009d200000|  0%| F|  |TAMS 0x000000009d100000| PB 0x000000009d100000| Untracked 
| 466|0x000000009d200000, 0x000000009d200000, 0x000000009d300000|  0%| F|  |TAMS 0x000000009d200000| PB 0x000000009d200000| Untracked 
| 467|0x000000009d300000, 0x000000009d300000, 0x000000009d400000|  0%| F|  |TAMS 0x000000009d300000| PB 0x000000009d300000| Untracked 
| 468|0x000000009d400000, 0x000000009d400000, 0x000000009d500000|  0%| F|  |TAMS 0x000000009d400000| PB 0x000000009d400000| Untracked 
| 469|0x000000009d500000, 0x000000009d500000, 0x000000009d600000|  0%| F|  |TAMS 0x000000009d500000| PB 0x000000009d500000| Untracked 
| 470|0x000000009d600000, 0x000000009d600000, 0x000000009d700000|  0%| F|  |TAMS 0x000000009d600000| PB 0x000000009d600000| Untracked 
| 471|0x000000009d700000, 0x000000009d700000, 0x000000009d800000|  0%| F|  |TAMS 0x000000009d700000| PB 0x000000009d700000| Untracked 
| 472|0x000000009d800000, 0x000000009d800000, 0x000000009d900000|  0%| F|  |TAMS 0x000000009d800000| PB 0x000000009d800000| Untracked 
| 473|0x000000009d900000, 0x000000009d900000, 0x000000009da00000|  0%| F|  |TAMS 0x000000009d900000| PB 0x000000009d900000| Untracked 
| 474|0x000000009da00000, 0x000000009da00000, 0x000000009db00000|  0%| F|  |TAMS 0x000000009da00000| PB 0x000000009da00000| Untracked 
| 475|0x000000009db00000, 0x000000009db00000, 0x000000009dc00000|  0%| F|  |TAMS 0x000000009db00000| PB 0x000000009db00000| Untracked 
| 476|0x000000009dc00000, 0x000000009dc00000, 0x000000009dd00000|  0%| F|  |TAMS 0x000000009dc00000| PB 0x000000009dc00000| Untracked 
| 477|0x000000009dd00000, 0x000000009dd00000, 0x000000009de00000|  0%| F|  |TAMS 0x000000009dd00000| PB 0x000000009dd00000| Untracked 
| 478|0x000000009de00000, 0x000000009de00000, 0x000000009df00000|  0%| F|  |TAMS 0x000000009de00000| PB 0x000000009de00000| Untracked 
| 479|0x000000009df00000, 0x000000009df00000, 0x000000009e000000|  0%| F|  |TAMS 0x000000009df00000| PB 0x000000009df00000| Untracked 
| 480|0x000000009e000000, 0x000000009e000000, 0x000000009e100000|  0%| F|  |TAMS 0x000000009e000000| PB 0x000000009e000000| Untracked 
| 481|0x000000009e100000, 0x000000009e100000, 0x000000009e200000|  0%| F|  |TAMS 0x000000009e100000| PB 0x000000009e100000| Untracked 
| 482|0x000000009e200000, 0x000000009e200000, 0x000000009e300000|  0%| F|  |TAMS 0x000000009e200000| PB 0x000000009e200000| Untracked 
| 483|0x000000009e300000, 0x000000009e300000, 0x000000009e400000|  0%| F|  |TAMS 0x000000009e300000| PB 0x000000009e300000| Untracked 
| 484|0x000000009e400000, 0x000000009e400000, 0x000000009e500000|  0%| F|  |TAMS 0x000000009e400000| PB 0x000000009e400000| Untracked 
| 485|0x000000009e500000, 0x000000009e500000, 0x000000009e600000|  0%| F|  |TAMS 0x000000009e500000| PB 0x000000009e500000| Untracked 
| 486|0x000000009e600000, 0x000000009e600000, 0x000000009e700000|  0%| F|  |TAMS 0x000000009e600000| PB 0x000000009e600000| Untracked 
| 487|0x000000009e700000, 0x000000009e700000, 0x000000009e800000|  0%| F|  |TAMS 0x000000009e700000| PB 0x000000009e700000| Untracked 
| 488|0x000000009e800000, 0x000000009e800000, 0x000000009e900000|  0%| F|  |TAMS 0x000000009e800000| PB 0x000000009e800000| Untracked 
| 489|0x000000009e900000, 0x000000009e900000, 0x000000009ea00000|  0%| F|  |TAMS 0x000000009e900000| PB 0x000000009e900000| Untracked 
| 490|0x000000009ea00000, 0x000000009ea00000, 0x000000009eb00000|  0%| F|  |TAMS 0x000000009ea00000| PB 0x000000009ea00000| Untracked 
| 491|0x000000009eb00000, 0x000000009eb00000, 0x000000009ec00000|  0%| F|  |TAMS 0x000000009eb00000| PB 0x000000009eb00000| Untracked 
| 492|0x000000009ec00000, 0x000000009ec00000, 0x000000009ed00000|  0%| F|  |TAMS 0x000000009ec00000| PB 0x000000009ec00000| Untracked 
| 493|0x000000009ed00000, 0x000000009ed00000, 0x000000009ee00000|  0%| F|  |TAMS 0x000000009ed00000| PB 0x000000009ed00000| Untracked 
| 494|0x000000009ee00000, 0x000000009ee00000, 0x000000009ef00000|  0%| F|  |TAMS 0x000000009ee00000| PB 0x000000009ee00000| Untracked 
| 495|0x000000009ef00000, 0x000000009ef00000, 0x000000009f000000|  0%| F|  |TAMS 0x000000009ef00000| PB 0x000000009ef00000| Untracked 
| 496|0x000000009f000000, 0x000000009f000000, 0x000000009f100000|  0%| F|  |TAMS 0x000000009f000000| PB 0x000000009f000000| Untracked 
| 497|0x000000009f100000, 0x000000009f100000, 0x000000009f200000|  0%| F|  |TAMS 0x000000009f100000| PB 0x000000009f100000| Untracked 
| 498|0x000000009f200000, 0x000000009f200000, 0x000000009f300000|  0%| F|  |TAMS 0x000000009f200000| PB 0x000000009f200000| Untracked 
| 499|0x000000009f300000, 0x000000009f300000, 0x000000009f400000|  0%| F|  |TAMS 0x000000009f300000| PB 0x000000009f300000| Untracked 
| 500|0x000000009f400000, 0x000000009f400000, 0x000000009f500000|  0%| F|  |TAMS 0x000000009f400000| PB 0x000000009f400000| Untracked 
| 501|0x000000009f500000, 0x000000009f500000, 0x000000009f600000|  0%| F|  |TAMS 0x000000009f500000| PB 0x000000009f500000| Untracked 
| 502|0x000000009f600000, 0x000000009f600000, 0x000000009f700000|  0%| F|  |TAMS 0x000000009f600000| PB 0x000000009f600000| Untracked 
| 503|0x000000009f700000, 0x000000009f700000, 0x000000009f800000|  0%| F|  |TAMS 0x000000009f700000| PB 0x000000009f700000| Untracked 
| 504|0x000000009f800000, 0x000000009f800000, 0x000000009f900000|  0%| F|  |TAMS 0x000000009f800000| PB 0x000000009f800000| Untracked 
| 505|0x000000009f900000, 0x000000009f900000, 0x000000009fa00000|  0%| F|  |TAMS 0x000000009f900000| PB 0x000000009f900000| Untracked 
| 506|0x000000009fa00000, 0x000000009fa00000, 0x000000009fb00000|  0%| F|  |TAMS 0x000000009fa00000| PB 0x000000009fa00000| Untracked 
| 507|0x000000009fb00000, 0x000000009fb00000, 0x000000009fc00000|  0%| F|  |TAMS 0x000000009fb00000| PB 0x000000009fb00000| Untracked 
| 508|0x000000009fc00000, 0x000000009fc00000, 0x000000009fd00000|  0%| F|  |TAMS 0x000000009fc00000| PB 0x000000009fc00000| Untracked 
| 509|0x000000009fd00000, 0x000000009fd00000, 0x000000009fe00000|  0%| F|  |TAMS 0x000000009fd00000| PB 0x000000009fd00000| Untracked 
| 510|0x000000009fe00000, 0x000000009fe00000, 0x000000009ff00000|  0%| F|  |TAMS 0x000000009fe00000| PB 0x000000009fe00000| Untracked 
| 511|0x000000009ff00000, 0x000000009ff00000, 0x00000000a0000000|  0%| F|  |TAMS 0x000000009ff00000| PB 0x000000009ff00000| Untracked 
| 512|0x00000000a0000000, 0x00000000a0000000, 0x00000000a0100000|  0%| F|  |TAMS 0x00000000a0000000| PB 0x00000000a0000000| Untracked 
| 513|0x00000000a0100000, 0x00000000a0100000, 0x00000000a0200000|  0%| F|  |TAMS 0x00000000a0100000| PB 0x00000000a0100000| Untracked 
| 514|0x00000000a0200000, 0x00000000a0200000, 0x00000000a0300000|  0%| F|  |TAMS 0x00000000a0200000| PB 0x00000000a0200000| Untracked 
| 515|0x00000000a0300000, 0x00000000a0300000, 0x00000000a0400000|  0%| F|  |TAMS 0x00000000a0300000| PB 0x00000000a0300000| Untracked 
| 516|0x00000000a0400000, 0x00000000a0400000, 0x00000000a0500000|  0%| F|  |TAMS 0x00000000a0400000| PB 0x00000000a0400000| Untracked 
| 517|0x00000000a0500000, 0x00000000a0500000, 0x00000000a0600000|  0%| F|  |TAMS 0x00000000a0500000| PB 0x00000000a0500000| Untracked 
| 518|0x00000000a0600000, 0x00000000a0600000, 0x00000000a0700000|  0%| F|  |TAMS 0x00000000a0600000| PB 0x00000000a0600000| Untracked 
| 519|0x00000000a0700000, 0x00000000a0700000, 0x00000000a0800000|  0%| F|  |TAMS 0x00000000a0700000| PB 0x00000000a0700000| Untracked 
| 520|0x00000000a0800000, 0x00000000a0800000, 0x00000000a0900000|  0%| F|  |TAMS 0x00000000a0800000| PB 0x00000000a0800000| Untracked 
| 521|0x00000000a0900000, 0x00000000a0900000, 0x00000000a0a00000|  0%| F|  |TAMS 0x00000000a0900000| PB 0x00000000a0900000| Untracked 
| 522|0x00000000a0a00000, 0x00000000a0a00000, 0x00000000a0b00000|  0%| F|  |TAMS 0x00000000a0a00000| PB 0x00000000a0a00000| Untracked 
| 523|0x00000000a0b00000, 0x00000000a0b00000, 0x00000000a0c00000|  0%| F|  |TAMS 0x00000000a0b00000| PB 0x00000000a0b00000| Untracked 
| 524|0x00000000a0c00000, 0x00000000a0c00000, 0x00000000a0d00000|  0%| F|  |TAMS 0x00000000a0c00000| PB 0x00000000a0c00000| Untracked 
| 525|0x00000000a0d00000, 0x00000000a0d00000, 0x00000000a0e00000|  0%| F|  |TAMS 0x00000000a0d00000| PB 0x00000000a0d00000| Untracked 
| 526|0x00000000a0e00000, 0x00000000a0e00000, 0x00000000a0f00000|  0%| F|  |TAMS 0x00000000a0e00000| PB 0x00000000a0e00000| Untracked 
| 527|0x00000000a0f00000, 0x00000000a0f00000, 0x00000000a1000000|  0%| F|  |TAMS 0x00000000a0f00000| PB 0x00000000a0f00000| Untracked 
| 528|0x00000000a1000000, 0x00000000a1000000, 0x00000000a1100000|  0%| F|  |TAMS 0x00000000a1000000| PB 0x00000000a1000000| Untracked 
| 529|0x00000000a1100000, 0x00000000a1100000, 0x00000000a1200000|  0%| F|  |TAMS 0x00000000a1100000| PB 0x00000000a1100000| Untracked 
| 530|0x00000000a1200000, 0x00000000a1200000, 0x00000000a1300000|  0%| F|  |TAMS 0x00000000a1200000| PB 0x00000000a1200000| Untracked 
| 531|0x00000000a1300000, 0x00000000a1300000, 0x00000000a1400000|  0%| F|  |TAMS 0x00000000a1300000| PB 0x00000000a1300000| Untracked 
| 532|0x00000000a1400000, 0x00000000a1400000, 0x00000000a1500000|  0%| F|  |TAMS 0x00000000a1400000| PB 0x00000000a1400000| Untracked 
| 533|0x00000000a1500000, 0x00000000a1500000, 0x00000000a1600000|  0%| F|  |TAMS 0x00000000a1500000| PB 0x00000000a1500000| Untracked 
| 534|0x00000000a1600000, 0x00000000a1600000, 0x00000000a1700000|  0%| F|  |TAMS 0x00000000a1600000| PB 0x00000000a1600000| Untracked 
| 535|0x00000000a1700000, 0x00000000a1700000, 0x00000000a1800000|  0%| F|  |TAMS 0x00000000a1700000| PB 0x00000000a1700000| Untracked 
| 536|0x00000000a1800000, 0x00000000a1800000, 0x00000000a1900000|  0%| F|  |TAMS 0x00000000a1800000| PB 0x00000000a1800000| Untracked 
| 537|0x00000000a1900000, 0x00000000a1900000, 0x00000000a1a00000|  0%| F|  |TAMS 0x00000000a1900000| PB 0x00000000a1900000| Untracked 
| 538|0x00000000a1a00000, 0x00000000a1a00000, 0x00000000a1b00000|  0%| F|  |TAMS 0x00000000a1a00000| PB 0x00000000a1a00000| Untracked 
| 539|0x00000000a1b00000, 0x00000000a1b00000, 0x00000000a1c00000|  0%| F|  |TAMS 0x00000000a1b00000| PB 0x00000000a1b00000| Untracked 
| 540|0x00000000a1c00000, 0x00000000a1c00000, 0x00000000a1d00000|  0%| F|  |TAMS 0x00000000a1c00000| PB 0x00000000a1c00000| Untracked 
| 541|0x00000000a1d00000, 0x00000000a1d00000, 0x00000000a1e00000|  0%| F|  |TAMS 0x00000000a1d00000| PB 0x00000000a1d00000| Untracked 
| 542|0x00000000a1e00000, 0x00000000a1e00000, 0x00000000a1f00000|  0%| F|  |TAMS 0x00000000a1e00000| PB 0x00000000a1e00000| Untracked 
| 543|0x00000000a1f00000, 0x00000000a1f00000, 0x00000000a2000000|  0%| F|  |TAMS 0x00000000a1f00000| PB 0x00000000a1f00000| Untracked 
| 544|0x00000000a2000000, 0x00000000a2000000, 0x00000000a2100000|  0%| F|  |TAMS 0x00000000a2000000| PB 0x00000000a2000000| Untracked 
| 545|0x00000000a2100000, 0x00000000a2100000, 0x00000000a2200000|  0%| F|  |TAMS 0x00000000a2100000| PB 0x00000000a2100000| Untracked 
| 546|0x00000000a2200000, 0x00000000a2200000, 0x00000000a2300000|  0%| F|  |TAMS 0x00000000a2200000| PB 0x00000000a2200000| Untracked 
| 547|0x00000000a2300000, 0x00000000a2300000, 0x00000000a2400000|  0%| F|  |TAMS 0x00000000a2300000| PB 0x00000000a2300000| Untracked 
| 548|0x00000000a2400000, 0x00000000a2400000, 0x00000000a2500000|  0%| F|  |TAMS 0x00000000a2400000| PB 0x00000000a2400000| Untracked 
| 549|0x00000000a2500000, 0x00000000a2500000, 0x00000000a2600000|  0%| F|  |TAMS 0x00000000a2500000| PB 0x00000000a2500000| Untracked 
| 550|0x00000000a2600000, 0x00000000a2600000, 0x00000000a2700000|  0%| F|  |TAMS 0x00000000a2600000| PB 0x00000000a2600000| Untracked 
| 551|0x00000000a2700000, 0x00000000a2700000, 0x00000000a2800000|  0%| F|  |TAMS 0x00000000a2700000| PB 0x00000000a2700000| Untracked 
| 552|0x00000000a2800000, 0x00000000a2800000, 0x00000000a2900000|  0%| F|  |TAMS 0x00000000a2800000| PB 0x00000000a2800000| Untracked 
| 553|0x00000000a2900000, 0x00000000a2900000, 0x00000000a2a00000|  0%| F|  |TAMS 0x00000000a2900000| PB 0x00000000a2900000| Untracked 
| 554|0x00000000a2a00000, 0x00000000a2a00000, 0x00000000a2b00000|  0%| F|  |TAMS 0x00000000a2a00000| PB 0x00000000a2a00000| Untracked 
| 555|0x00000000a2b00000, 0x00000000a2b00000, 0x00000000a2c00000|  0%| F|  |TAMS 0x00000000a2b00000| PB 0x00000000a2b00000| Untracked 
| 556|0x00000000a2c00000, 0x00000000a2c00000, 0x00000000a2d00000|  0%| F|  |TAMS 0x00000000a2c00000| PB 0x00000000a2c00000| Untracked 
| 557|0x00000000a2d00000, 0x00000000a2d00000, 0x00000000a2e00000|  0%| F|  |TAMS 0x00000000a2d00000| PB 0x00000000a2d00000| Untracked 
| 558|0x00000000a2e00000, 0x00000000a2e00000, 0x00000000a2f00000|  0%| F|  |TAMS 0x00000000a2e00000| PB 0x00000000a2e00000| Untracked 
| 559|0x00000000a2f00000, 0x00000000a2f00000, 0x00000000a3000000|  0%| F|  |TAMS 0x00000000a2f00000| PB 0x00000000a2f00000| Untracked 
| 560|0x00000000a3000000, 0x00000000a3000000, 0x00000000a3100000|  0%| F|  |TAMS 0x00000000a3000000| PB 0x00000000a3000000| Untracked 
| 561|0x00000000a3100000, 0x00000000a3100000, 0x00000000a3200000|  0%| F|  |TAMS 0x00000000a3100000| PB 0x00000000a3100000| Untracked 
| 562|0x00000000a3200000, 0x00000000a3200000, 0x00000000a3300000|  0%| F|  |TAMS 0x00000000a3200000| PB 0x00000000a3200000| Untracked 
| 563|0x00000000a3300000, 0x00000000a3300000, 0x00000000a3400000|  0%| F|  |TAMS 0x00000000a3300000| PB 0x00000000a3300000| Untracked 
| 564|0x00000000a3400000, 0x00000000a3400000, 0x00000000a3500000|  0%| F|  |TAMS 0x00000000a3400000| PB 0x00000000a3400000| Untracked 
| 565|0x00000000a3500000, 0x00000000a3500000, 0x00000000a3600000|  0%| F|  |TAMS 0x00000000a3500000| PB 0x00000000a3500000| Untracked 
| 566|0x00000000a3600000, 0x00000000a3600000, 0x00000000a3700000|  0%| F|  |TAMS 0x00000000a3600000| PB 0x00000000a3600000| Untracked 
| 567|0x00000000a3700000, 0x00000000a3700000, 0x00000000a3800000|  0%| F|  |TAMS 0x00000000a3700000| PB 0x00000000a3700000| Untracked 
| 568|0x00000000a3800000, 0x00000000a3800000, 0x00000000a3900000|  0%| F|  |TAMS 0x00000000a3800000| PB 0x00000000a3800000| Untracked 
| 569|0x00000000a3900000, 0x00000000a3900000, 0x00000000a3a00000|  0%| F|  |TAMS 0x00000000a3900000| PB 0x00000000a3900000| Untracked 
| 570|0x00000000a3a00000, 0x00000000a3a00000, 0x00000000a3b00000|  0%| F|  |TAMS 0x00000000a3a00000| PB 0x00000000a3a00000| Untracked 
| 571|0x00000000a3b00000, 0x00000000a3b00000, 0x00000000a3c00000|  0%| F|  |TAMS 0x00000000a3b00000| PB 0x00000000a3b00000| Untracked 
| 572|0x00000000a3c00000, 0x00000000a3c00000, 0x00000000a3d00000|  0%| F|  |TAMS 0x00000000a3c00000| PB 0x00000000a3c00000| Untracked 
| 573|0x00000000a3d00000, 0x00000000a3d00000, 0x00000000a3e00000|  0%| F|  |TAMS 0x00000000a3d00000| PB 0x00000000a3d00000| Untracked 
| 574|0x00000000a3e00000, 0x00000000a3e00000, 0x00000000a3f00000|  0%| F|  |TAMS 0x00000000a3e00000| PB 0x00000000a3e00000| Untracked 
| 575|0x00000000a3f00000, 0x00000000a3f00000, 0x00000000a4000000|  0%| F|  |TAMS 0x00000000a3f00000| PB 0x00000000a3f00000| Untracked 
| 576|0x00000000a4000000, 0x00000000a4000000, 0x00000000a4100000|  0%| F|  |TAMS 0x00000000a4000000| PB 0x00000000a4000000| Untracked 
| 577|0x00000000a4100000, 0x00000000a4100000, 0x00000000a4200000|  0%| F|  |TAMS 0x00000000a4100000| PB 0x00000000a4100000| Untracked 
| 578|0x00000000a4200000, 0x00000000a4200000, 0x00000000a4300000|  0%| F|  |TAMS 0x00000000a4200000| PB 0x00000000a4200000| Untracked 
| 579|0x00000000a4300000, 0x00000000a4300000, 0x00000000a4400000|  0%| F|  |TAMS 0x00000000a4300000| PB 0x00000000a4300000| Untracked 
| 580|0x00000000a4400000, 0x00000000a4400000, 0x00000000a4500000|  0%| F|  |TAMS 0x00000000a4400000| PB 0x00000000a4400000| Untracked 
| 581|0x00000000a4500000, 0x00000000a4500000, 0x00000000a4600000|  0%| F|  |TAMS 0x00000000a4500000| PB 0x00000000a4500000| Untracked 
| 582|0x00000000a4600000, 0x00000000a4600000, 0x00000000a4700000|  0%| F|  |TAMS 0x00000000a4600000| PB 0x00000000a4600000| Untracked 
| 583|0x00000000a4700000, 0x00000000a4700000, 0x00000000a4800000|  0%| F|  |TAMS 0x00000000a4700000| PB 0x00000000a4700000| Untracked 
| 584|0x00000000a4800000, 0x00000000a4800000, 0x00000000a4900000|  0%| F|  |TAMS 0x00000000a4800000| PB 0x00000000a4800000| Untracked 
| 585|0x00000000a4900000, 0x00000000a4900000, 0x00000000a4a00000|  0%| F|  |TAMS 0x00000000a4900000| PB 0x00000000a4900000| Untracked 
| 586|0x00000000a4a00000, 0x00000000a4a00000, 0x00000000a4b00000|  0%| F|  |TAMS 0x00000000a4a00000| PB 0x00000000a4a00000| Untracked 
| 587|0x00000000a4b00000, 0x00000000a4b00000, 0x00000000a4c00000|  0%| F|  |TAMS 0x00000000a4b00000| PB 0x00000000a4b00000| Untracked 
| 588|0x00000000a4c00000, 0x00000000a4c00000, 0x00000000a4d00000|  0%| F|  |TAMS 0x00000000a4c00000| PB 0x00000000a4c00000| Untracked 
| 589|0x00000000a4d00000, 0x00000000a4d00000, 0x00000000a4e00000|  0%| F|  |TAMS 0x00000000a4d00000| PB 0x00000000a4d00000| Untracked 
| 590|0x00000000a4e00000, 0x00000000a4e00000, 0x00000000a4f00000|  0%| F|  |TAMS 0x00000000a4e00000| PB 0x00000000a4e00000| Untracked 
| 591|0x00000000a4f00000, 0x00000000a4f00000, 0x00000000a5000000|  0%| F|  |TAMS 0x00000000a4f00000| PB 0x00000000a4f00000| Untracked 
| 592|0x00000000a5000000, 0x00000000a5000000, 0x00000000a5100000|  0%| F|  |TAMS 0x00000000a5000000| PB 0x00000000a5000000| Untracked 
| 593|0x00000000a5100000, 0x00000000a5100000, 0x00000000a5200000|  0%| F|  |TAMS 0x00000000a5100000| PB 0x00000000a5100000| Untracked 
| 594|0x00000000a5200000, 0x00000000a5200000, 0x00000000a5300000|  0%| F|  |TAMS 0x00000000a5200000| PB 0x00000000a5200000| Untracked 
| 595|0x00000000a5300000, 0x00000000a5300000, 0x00000000a5400000|  0%| F|  |TAMS 0x00000000a5300000| PB 0x00000000a5300000| Untracked 
| 596|0x00000000a5400000, 0x00000000a5400000, 0x00000000a5500000|  0%| F|  |TAMS 0x00000000a5400000| PB 0x00000000a5400000| Untracked 
| 597|0x00000000a5500000, 0x00000000a5500000, 0x00000000a5600000|  0%| F|  |TAMS 0x00000000a5500000| PB 0x00000000a5500000| Untracked 
| 598|0x00000000a5600000, 0x00000000a5600000, 0x00000000a5700000|  0%| F|  |TAMS 0x00000000a5600000| PB 0x00000000a5600000| Untracked 
| 599|0x00000000a5700000, 0x00000000a5700000, 0x00000000a5800000|  0%| F|  |TAMS 0x00000000a5700000| PB 0x00000000a5700000| Untracked 
| 600|0x00000000a5800000, 0x00000000a5800000, 0x00000000a5900000|  0%| F|  |TAMS 0x00000000a5800000| PB 0x00000000a5800000| Untracked 
| 601|0x00000000a5900000, 0x00000000a5900000, 0x00000000a5a00000|  0%| F|  |TAMS 0x00000000a5900000| PB 0x00000000a5900000| Untracked 
| 602|0x00000000a5a00000, 0x00000000a5a00000, 0x00000000a5b00000|  0%| F|  |TAMS 0x00000000a5a00000| PB 0x00000000a5a00000| Untracked 
| 603|0x00000000a5b00000, 0x00000000a5b00000, 0x00000000a5c00000|  0%| F|  |TAMS 0x00000000a5b00000| PB 0x00000000a5b00000| Untracked 
| 604|0x00000000a5c00000, 0x00000000a5c00000, 0x00000000a5d00000|  0%| F|  |TAMS 0x00000000a5c00000| PB 0x00000000a5c00000| Untracked 
| 605|0x00000000a5d00000, 0x00000000a5d00000, 0x00000000a5e00000|  0%| F|  |TAMS 0x00000000a5d00000| PB 0x00000000a5d00000| Untracked 
| 606|0x00000000a5e00000, 0x00000000a5e00000, 0x00000000a5f00000|  0%| F|  |TAMS 0x00000000a5e00000| PB 0x00000000a5e00000| Untracked 
| 607|0x00000000a5f00000, 0x00000000a5f00000, 0x00000000a6000000|  0%| F|  |TAMS 0x00000000a5f00000| PB 0x00000000a5f00000| Untracked 
| 608|0x00000000a6000000, 0x00000000a6000000, 0x00000000a6100000|  0%| F|  |TAMS 0x00000000a6000000| PB 0x00000000a6000000| Untracked 
| 609|0x00000000a6100000, 0x00000000a6100000, 0x00000000a6200000|  0%| F|  |TAMS 0x00000000a6100000| PB 0x00000000a6100000| Untracked 
| 610|0x00000000a6200000, 0x00000000a6200000, 0x00000000a6300000|  0%| F|  |TAMS 0x00000000a6200000| PB 0x00000000a6200000| Untracked 
| 611|0x00000000a6300000, 0x00000000a6300000, 0x00000000a6400000|  0%| F|  |TAMS 0x00000000a6300000| PB 0x00000000a6300000| Untracked 
| 612|0x00000000a6400000, 0x00000000a6400000, 0x00000000a6500000|  0%| F|  |TAMS 0x00000000a6400000| PB 0x00000000a6400000| Untracked 
| 613|0x00000000a6500000, 0x00000000a6500000, 0x00000000a6600000|  0%| F|  |TAMS 0x00000000a6500000| PB 0x00000000a6500000| Untracked 
| 614|0x00000000a6600000, 0x00000000a6600000, 0x00000000a6700000|  0%| F|  |TAMS 0x00000000a6600000| PB 0x00000000a6600000| Untracked 
| 615|0x00000000a6700000, 0x00000000a6700000, 0x00000000a6800000|  0%| F|  |TAMS 0x00000000a6700000| PB 0x00000000a6700000| Untracked 
| 616|0x00000000a6800000, 0x00000000a6800000, 0x00000000a6900000|  0%| F|  |TAMS 0x00000000a6800000| PB 0x00000000a6800000| Untracked 
| 617|0x00000000a6900000, 0x00000000a6900000, 0x00000000a6a00000|  0%| F|  |TAMS 0x00000000a6900000| PB 0x00000000a6900000| Untracked 
| 618|0x00000000a6a00000, 0x00000000a6a00000, 0x00000000a6b00000|  0%| F|  |TAMS 0x00000000a6a00000| PB 0x00000000a6a00000| Untracked 
| 619|0x00000000a6b00000, 0x00000000a6b00000, 0x00000000a6c00000|  0%| F|  |TAMS 0x00000000a6b00000| PB 0x00000000a6b00000| Untracked 
| 620|0x00000000a6c00000, 0x00000000a6c00000, 0x00000000a6d00000|  0%| F|  |TAMS 0x00000000a6c00000| PB 0x00000000a6c00000| Untracked 
| 621|0x00000000a6d00000, 0x00000000a6d00000, 0x00000000a6e00000|  0%| F|  |TAMS 0x00000000a6d00000| PB 0x00000000a6d00000| Untracked 
| 622|0x00000000a6e00000, 0x00000000a6e00000, 0x00000000a6f00000|  0%| F|  |TAMS 0x00000000a6e00000| PB 0x00000000a6e00000| Untracked 
| 623|0x00000000a6f00000, 0x00000000a6f00000, 0x00000000a7000000|  0%| F|  |TAMS 0x00000000a6f00000| PB 0x00000000a6f00000| Untracked 
| 624|0x00000000a7000000, 0x00000000a7000000, 0x00000000a7100000|  0%| F|  |TAMS 0x00000000a7000000| PB 0x00000000a7000000| Untracked 
| 625|0x00000000a7100000, 0x00000000a7100000, 0x00000000a7200000|  0%| F|  |TAMS 0x00000000a7100000| PB 0x00000000a7100000| Untracked 
| 626|0x00000000a7200000, 0x00000000a7200000, 0x00000000a7300000|  0%| F|  |TAMS 0x00000000a7200000| PB 0x00000000a7200000| Untracked 
| 627|0x00000000a7300000, 0x00000000a7300000, 0x00000000a7400000|  0%| F|  |TAMS 0x00000000a7300000| PB 0x00000000a7300000| Untracked 
| 628|0x00000000a7400000, 0x00000000a7400000, 0x00000000a7500000|  0%| F|  |TAMS 0x00000000a7400000| PB 0x00000000a7400000| Untracked 
| 629|0x00000000a7500000, 0x00000000a7500000, 0x00000000a7600000|  0%| F|  |TAMS 0x00000000a7500000| PB 0x00000000a7500000| Untracked 
| 630|0x00000000a7600000, 0x00000000a7600000, 0x00000000a7700000|  0%| F|  |TAMS 0x00000000a7600000| PB 0x00000000a7600000| Untracked 
| 631|0x00000000a7700000, 0x00000000a7700000, 0x00000000a7800000|  0%| F|  |TAMS 0x00000000a7700000| PB 0x00000000a7700000| Untracked 
| 632|0x00000000a7800000, 0x00000000a7800000, 0x00000000a7900000|  0%| F|  |TAMS 0x00000000a7800000| PB 0x00000000a7800000| Untracked 
| 633|0x00000000a7900000, 0x00000000a7900000, 0x00000000a7a00000|  0%| F|  |TAMS 0x00000000a7900000| PB 0x00000000a7900000| Untracked 
| 634|0x00000000a7a00000, 0x00000000a7a00000, 0x00000000a7b00000|  0%| F|  |TAMS 0x00000000a7a00000| PB 0x00000000a7a00000| Untracked 
| 635|0x00000000a7b00000, 0x00000000a7b00000, 0x00000000a7c00000|  0%| F|  |TAMS 0x00000000a7b00000| PB 0x00000000a7b00000| Untracked 
| 636|0x00000000a7c00000, 0x00000000a7c00000, 0x00000000a7d00000|  0%| F|  |TAMS 0x00000000a7c00000| PB 0x00000000a7c00000| Untracked 
| 637|0x00000000a7d00000, 0x00000000a7d00000, 0x00000000a7e00000|  0%| F|  |TAMS 0x00000000a7d00000| PB 0x00000000a7d00000| Untracked 
| 638|0x00000000a7e00000, 0x00000000a7e00000, 0x00000000a7f00000|  0%| F|  |TAMS 0x00000000a7e00000| PB 0x00000000a7e00000| Untracked 
| 639|0x00000000a7f00000, 0x00000000a7f00000, 0x00000000a8000000|  0%| F|  |TAMS 0x00000000a7f00000| PB 0x00000000a7f00000| Untracked 
| 640|0x00000000a8000000, 0x00000000a8000000, 0x00000000a8100000|  0%| F|  |TAMS 0x00000000a8000000| PB 0x00000000a8000000| Untracked 
| 641|0x00000000a8100000, 0x00000000a8100000, 0x00000000a8200000|  0%| F|  |TAMS 0x00000000a8100000| PB 0x00000000a8100000| Untracked 
| 642|0x00000000a8200000, 0x00000000a8200000, 0x00000000a8300000|  0%| F|  |TAMS 0x00000000a8200000| PB 0x00000000a8200000| Untracked 
| 643|0x00000000a8300000, 0x00000000a8300000, 0x00000000a8400000|  0%| F|  |TAMS 0x00000000a8300000| PB 0x00000000a8300000| Untracked 
| 644|0x00000000a8400000, 0x00000000a8400000, 0x00000000a8500000|  0%| F|  |TAMS 0x00000000a8400000| PB 0x00000000a8400000| Untracked 
| 645|0x00000000a8500000, 0x00000000a8500000, 0x00000000a8600000|  0%| F|  |TAMS 0x00000000a8500000| PB 0x00000000a8500000| Untracked 
| 646|0x00000000a8600000, 0x00000000a8600000, 0x00000000a8700000|  0%| F|  |TAMS 0x00000000a8600000| PB 0x00000000a8600000| Untracked 
| 647|0x00000000a8700000, 0x00000000a8700000, 0x00000000a8800000|  0%| F|  |TAMS 0x00000000a8700000| PB 0x00000000a8700000| Untracked 
| 648|0x00000000a8800000, 0x00000000a8800000, 0x00000000a8900000|  0%| F|  |TAMS 0x00000000a8800000| PB 0x00000000a8800000| Untracked 
| 649|0x00000000a8900000, 0x00000000a8900000, 0x00000000a8a00000|  0%| F|  |TAMS 0x00000000a8900000| PB 0x00000000a8900000| Untracked 
| 650|0x00000000a8a00000, 0x00000000a8b00000, 0x00000000a8b00000|100%| S|CS|TAMS 0x00000000a8a00000| PB 0x00000000a8a00000| Complete 
| 651|0x00000000a8b00000, 0x00000000a8c00000, 0x00000000a8c00000|100%| S|CS|TAMS 0x00000000a8b00000| PB 0x00000000a8b00000| Complete 
| 652|0x00000000a8c00000, 0x00000000a8d00000, 0x00000000a8d00000|100%| S|CS|TAMS 0x00000000a8c00000| PB 0x00000000a8c00000| Complete 
| 653|0x00000000a8d00000, 0x00000000a8e00000, 0x00000000a8e00000|100%| S|CS|TAMS 0x00000000a8d00000| PB 0x00000000a8d00000| Complete 
| 654|0x00000000a8e00000, 0x00000000a8f00000, 0x00000000a8f00000|100%| S|CS|TAMS 0x00000000a8e00000| PB 0x00000000a8e00000| Complete 
| 655|0x00000000a8f00000, 0x00000000a9000000, 0x00000000a9000000|100%| S|CS|TAMS 0x00000000a8f00000| PB 0x00000000a8f00000| Complete 
| 656|0x00000000a9000000, 0x00000000a9100000, 0x00000000a9100000|100%| S|CS|TAMS 0x00000000a9000000| PB 0x00000000a9000000| Complete 
| 657|0x00000000a9100000, 0x00000000a9200000, 0x00000000a9200000|100%| S|CS|TAMS 0x00000000a9100000| PB 0x00000000a9100000| Complete 
| 658|0x00000000a9200000, 0x00000000a9300000, 0x00000000a9300000|100%| S|CS|TAMS 0x00000000a9200000| PB 0x00000000a9200000| Complete 
| 659|0x00000000a9300000, 0x00000000a9400000, 0x00000000a9400000|100%| S|CS|TAMS 0x00000000a9300000| PB 0x00000000a9300000| Complete 
| 660|0x00000000a9400000, 0x00000000a9500000, 0x00000000a9500000|100%| S|CS|TAMS 0x00000000a9400000| PB 0x00000000a9400000| Complete 
| 661|0x00000000a9500000, 0x00000000a9600000, 0x00000000a9600000|100%| S|CS|TAMS 0x00000000a9500000| PB 0x00000000a9500000| Complete 
| 662|0x00000000a9600000, 0x00000000a9700000, 0x00000000a9700000|100%| S|CS|TAMS 0x00000000a9600000| PB 0x00000000a9600000| Complete 
| 663|0x00000000a9700000, 0x00000000a9800000, 0x00000000a9800000|100%| S|CS|TAMS 0x00000000a9700000| PB 0x00000000a9700000| Complete 
| 664|0x00000000a9800000, 0x00000000a9900000, 0x00000000a9900000|100%| S|CS|TAMS 0x00000000a9800000| PB 0x00000000a9800000| Complete 
| 665|0x00000000a9900000, 0x00000000a9a00000, 0x00000000a9a00000|100%| S|CS|TAMS 0x00000000a9900000| PB 0x00000000a9900000| Complete 
| 666|0x00000000a9a00000, 0x00000000a9b00000, 0x00000000a9b00000|100%| S|CS|TAMS 0x00000000a9a00000| PB 0x00000000a9a00000| Complete 
| 667|0x00000000a9b00000, 0x00000000a9c00000, 0x00000000a9c00000|100%| S|CS|TAMS 0x00000000a9b00000| PB 0x00000000a9b00000| Complete 
| 668|0x00000000a9c00000, 0x00000000a9d00000, 0x00000000a9d00000|100%| S|CS|TAMS 0x00000000a9c00000| PB 0x00000000a9c00000| Complete 
| 669|0x00000000a9d00000, 0x00000000a9e00000, 0x00000000a9e00000|100%| S|CS|TAMS 0x00000000a9d00000| PB 0x00000000a9d00000| Complete 
| 670|0x00000000a9e00000, 0x00000000a9f00000, 0x00000000a9f00000|100%| S|CS|TAMS 0x00000000a9e00000| PB 0x00000000a9e00000| Complete 
| 671|0x00000000a9f00000, 0x00000000aa000000, 0x00000000aa000000|100%| S|CS|TAMS 0x00000000a9f00000| PB 0x00000000a9f00000| Complete 
| 672|0x00000000aa000000, 0x00000000aa100000, 0x00000000aa100000|100%| S|CS|TAMS 0x00000000aa000000| PB 0x00000000aa000000| Complete 
| 673|0x00000000aa100000, 0x00000000aa200000, 0x00000000aa200000|100%| S|CS|TAMS 0x00000000aa100000| PB 0x00000000aa100000| Complete 
| 674|0x00000000aa200000, 0x00000000aa300000, 0x00000000aa300000|100%| S|CS|TAMS 0x00000000aa200000| PB 0x00000000aa200000| Complete 
| 675|0x00000000aa300000, 0x00000000aa400000, 0x00000000aa400000|100%| S|CS|TAMS 0x00000000aa300000| PB 0x00000000aa300000| Complete 
| 676|0x00000000aa400000, 0x00000000aa500000, 0x00000000aa500000|100%| S|CS|TAMS 0x00000000aa400000| PB 0x00000000aa400000| Complete 
| 677|0x00000000aa500000, 0x00000000aa500000, 0x00000000aa600000|  0%| F|  |TAMS 0x00000000aa500000| PB 0x00000000aa500000| Untracked 
| 678|0x00000000aa600000, 0x00000000aa600000, 0x00000000aa700000|  0%| F|  |TAMS 0x00000000aa600000| PB 0x00000000aa600000| Untracked 
| 679|0x00000000aa700000, 0x00000000aa700000, 0x00000000aa800000|  0%| F|  |TAMS 0x00000000aa700000| PB 0x00000000aa700000| Untracked 
| 680|0x00000000aa800000, 0x00000000aa800000, 0x00000000aa900000|  0%| F|  |TAMS 0x00000000aa800000| PB 0x00000000aa800000| Untracked 
| 681|0x00000000aa900000, 0x00000000aa900000, 0x00000000aaa00000|  0%| F|  |TAMS 0x00000000aa900000| PB 0x00000000aa900000| Untracked 
| 682|0x00000000aaa00000, 0x00000000aaa00000, 0x00000000aab00000|  0%| F|  |TAMS 0x00000000aaa00000| PB 0x00000000aaa00000| Untracked 
| 683|0x00000000aab00000, 0x00000000aab00000, 0x00000000aac00000|  0%| F|  |TAMS 0x00000000aab00000| PB 0x00000000aab00000| Untracked 
| 684|0x00000000aac00000, 0x00000000aac00000, 0x00000000aad00000|  0%| F|  |TAMS 0x00000000aac00000| PB 0x00000000aac00000| Untracked 
| 685|0x00000000aad00000, 0x00000000aad00000, 0x00000000aae00000|  0%| F|  |TAMS 0x00000000aad00000| PB 0x00000000aad00000| Untracked 
| 686|0x00000000aae00000, 0x00000000aae00000, 0x00000000aaf00000|  0%| F|  |TAMS 0x00000000aae00000| PB 0x00000000aae00000| Untracked 
| 687|0x00000000aaf00000, 0x00000000aaf00000, 0x00000000ab000000|  0%| F|  |TAMS 0x00000000aaf00000| PB 0x00000000aaf00000| Untracked 
| 688|0x00000000ab000000, 0x00000000ab000000, 0x00000000ab100000|  0%| F|  |TAMS 0x00000000ab000000| PB 0x00000000ab000000| Untracked 
| 689|0x00000000ab100000, 0x00000000ab100000, 0x00000000ab200000|  0%| F|  |TAMS 0x00000000ab100000| PB 0x00000000ab100000| Untracked 
| 690|0x00000000ab200000, 0x00000000ab200000, 0x00000000ab300000|  0%| F|  |TAMS 0x00000000ab200000| PB 0x00000000ab200000| Untracked 
| 691|0x00000000ab300000, 0x00000000ab300000, 0x00000000ab400000|  0%| F|  |TAMS 0x00000000ab300000| PB 0x00000000ab300000| Untracked 
| 692|0x00000000ab400000, 0x00000000ab400000, 0x00000000ab500000|  0%| F|  |TAMS 0x00000000ab400000| PB 0x00000000ab400000| Untracked 
| 693|0x00000000ab500000, 0x00000000ab500000, 0x00000000ab600000|  0%| F|  |TAMS 0x00000000ab500000| PB 0x00000000ab500000| Untracked 
| 694|0x00000000ab600000, 0x00000000ab600000, 0x00000000ab700000|  0%| F|  |TAMS 0x00000000ab600000| PB 0x00000000ab600000| Untracked 
| 695|0x00000000ab700000, 0x00000000ab700000, 0x00000000ab800000|  0%| F|  |TAMS 0x00000000ab700000| PB 0x00000000ab700000| Untracked 
| 696|0x00000000ab800000, 0x00000000ab800000, 0x00000000ab900000|  0%| F|  |TAMS 0x00000000ab800000| PB 0x00000000ab800000| Untracked 
| 697|0x00000000ab900000, 0x00000000ab900000, 0x00000000aba00000|  0%| F|  |TAMS 0x00000000ab900000| PB 0x00000000ab900000| Untracked 
| 698|0x00000000aba00000, 0x00000000aba00000, 0x00000000abb00000|  0%| F|  |TAMS 0x00000000aba00000| PB 0x00000000aba00000| Untracked 
| 699|0x00000000abb00000, 0x00000000abb00000, 0x00000000abc00000|  0%| F|  |TAMS 0x00000000abb00000| PB 0x00000000abb00000| Untracked 
| 700|0x00000000abc00000, 0x00000000abc00000, 0x00000000abd00000|  0%| F|  |TAMS 0x00000000abc00000| PB 0x00000000abc00000| Untracked 
| 701|0x00000000abd00000, 0x00000000abd00000, 0x00000000abe00000|  0%| F|  |TAMS 0x00000000abd00000| PB 0x00000000abd00000| Untracked 
| 702|0x00000000abe00000, 0x00000000abe00000, 0x00000000abf00000|  0%| F|  |TAMS 0x00000000abe00000| PB 0x00000000abe00000| Untracked 
| 703|0x00000000abf00000, 0x00000000abf00000, 0x00000000ac000000|  0%| F|  |TAMS 0x00000000abf00000| PB 0x00000000abf00000| Untracked 
| 704|0x00000000ac000000, 0x00000000ac000000, 0x00000000ac100000|  0%| F|  |TAMS 0x00000000ac000000| PB 0x00000000ac000000| Untracked 
| 705|0x00000000ac100000, 0x00000000ac100000, 0x00000000ac200000|  0%| F|  |TAMS 0x00000000ac100000| PB 0x00000000ac100000| Untracked 
| 706|0x00000000ac200000, 0x00000000ac200000, 0x00000000ac300000|  0%| F|  |TAMS 0x00000000ac200000| PB 0x00000000ac200000| Untracked 
| 707|0x00000000ac300000, 0x00000000ac300000, 0x00000000ac400000|  0%| F|  |TAMS 0x00000000ac300000| PB 0x00000000ac300000| Untracked 
| 708|0x00000000ac400000, 0x00000000ac400000, 0x00000000ac500000|  0%| F|  |TAMS 0x00000000ac400000| PB 0x00000000ac400000| Untracked 
| 709|0x00000000ac500000, 0x00000000ac500000, 0x00000000ac600000|  0%| F|  |TAMS 0x00000000ac500000| PB 0x00000000ac500000| Untracked 
| 710|0x00000000ac600000, 0x00000000ac600000, 0x00000000ac700000|  0%| F|  |TAMS 0x00000000ac600000| PB 0x00000000ac600000| Untracked 
| 711|0x00000000ac700000, 0x00000000ac700000, 0x00000000ac800000|  0%| F|  |TAMS 0x00000000ac700000| PB 0x00000000ac700000| Untracked 
| 712|0x00000000ac800000, 0x00000000ac800000, 0x00000000ac900000|  0%| F|  |TAMS 0x00000000ac800000| PB 0x00000000ac800000| Untracked 
| 713|0x00000000ac900000, 0x00000000ac900000, 0x00000000aca00000|  0%| F|  |TAMS 0x00000000ac900000| PB 0x00000000ac900000| Untracked 
| 714|0x00000000aca00000, 0x00000000aca00000, 0x00000000acb00000|  0%| F|  |TAMS 0x00000000aca00000| PB 0x00000000aca00000| Untracked 
| 715|0x00000000acb00000, 0x00000000acb00000, 0x00000000acc00000|  0%| F|  |TAMS 0x00000000acb00000| PB 0x00000000acb00000| Untracked 
| 716|0x00000000acc00000, 0x00000000acc00000, 0x00000000acd00000|  0%| F|  |TAMS 0x00000000acc00000| PB 0x00000000acc00000| Untracked 
| 717|0x00000000acd00000, 0x00000000acd00000, 0x00000000ace00000|  0%| F|  |TAMS 0x00000000acd00000| PB 0x00000000acd00000| Untracked 
| 718|0x00000000ace00000, 0x00000000ace00000, 0x00000000acf00000|  0%| F|  |TAMS 0x00000000ace00000| PB 0x00000000ace00000| Untracked 
| 719|0x00000000acf00000, 0x00000000acf00000, 0x00000000ad000000|  0%| F|  |TAMS 0x00000000acf00000| PB 0x00000000acf00000| Untracked 
| 720|0x00000000ad000000, 0x00000000ad000000, 0x00000000ad100000|  0%| F|  |TAMS 0x00000000ad000000| PB 0x00000000ad000000| Untracked 
| 721|0x00000000ad100000, 0x00000000ad100000, 0x00000000ad200000|  0%| F|  |TAMS 0x00000000ad100000| PB 0x00000000ad100000| Untracked 
| 722|0x00000000ad200000, 0x00000000ad200000, 0x00000000ad300000|  0%| F|  |TAMS 0x00000000ad200000| PB 0x00000000ad200000| Untracked 
| 723|0x00000000ad300000, 0x00000000ad300000, 0x00000000ad400000|  0%| F|  |TAMS 0x00000000ad300000| PB 0x00000000ad300000| Untracked 
|2035|0x00000000ff300000, 0x00000000ff400000, 0x00000000ff400000|100%| O|  |TAMS 0x00000000ff400000| PB 0x00000000ff300000| Updating 
|2036|0x00000000ff400000, 0x00000000ff500000, 0x00000000ff500000|100%| O|  |TAMS 0x00000000ff500000| PB 0x00000000ff400000| Updating 
|2037|0x00000000ff500000, 0x00000000ff600000, 0x00000000ff600000|100%| O|  |TAMS 0x00000000ff600000| PB 0x00000000ff500000| Untracked 
|2038|0x00000000ff600000, 0x00000000ff700000, 0x00000000ff700000|100%| O|  |TAMS 0x00000000ff700000| PB 0x00000000ff600000| Updating 
|2039|0x00000000ff700000, 0x00000000ff800000, 0x00000000ff800000|100%| O|  |TAMS 0x00000000ff800000| PB 0x00000000ff700000| Updating 
|2040|0x00000000ff800000, 0x00000000ff900000, 0x00000000ff900000|100%| O|  |TAMS 0x00000000ff900000| PB 0x00000000ff800000| Updating 
|2041|0x00000000ff900000, 0x00000000ffa00000, 0x00000000ffa00000|100%| O|  |TAMS 0x00000000ffa00000| PB 0x00000000ff900000| Untracked 
|2042|0x00000000ffa00000, 0x00000000ffa00000, 0x00000000ffb00000|  0%| F|  |TAMS 0x00000000ffa00000| PB 0x00000000ffa00000| Untracked 
|2043|0x00000000ffb00000, 0x00000000ffc00000, 0x00000000ffc00000|100%| O|  |TAMS 0x00000000ffc00000| PB 0x00000000ffb00000| Updating 
|2044|0x00000000ffc00000, 0x00000000ffd00000, 0x00000000ffd00000|100%| O|  |TAMS 0x00000000ffd00000| PB 0x00000000ffc00000| Updating 
|2045|0x00000000ffd00000, 0x00000000ffe00000, 0x00000000ffe00000|100%| O|  |TAMS 0x00000000ffe00000| PB 0x00000000ffd00000| Untracked 
|2046|0x00000000ffe00000, 0x00000000fff00000, 0x00000000fff00000|100%| O|  |TAMS 0x00000000fff00000| PB 0x00000000ffe00000| Untracked 
|2047|0x00000000fff00000, 0x0000000100000000, 0x0000000100000000|100%| O|  |TAMS 0x0000000100000000| PB 0x00000000fff00000| Untracked 

Card table byte_map: [0x0000021430780000,0x0000021430b80000] _byte_map_base: 0x0000021430380000

Marking Bits: (CMBitMap*) 0x000002140b94ce00
 Bits: [0x0000021430b80000, 0x0000021432b80000)

Polling page: 0x000002140b070000

Metaspace:

Usage:
  Non-class:    243.11 MB used.
      Class:     33.97 MB used.
       Both:    277.08 MB used.

Virtual space:
  Non-class space:      256.00 MB reserved,     245.12 MB ( 96%) committed,  4 nodes.
      Class space:        1.00 GB reserved,      35.62 MB (  3%) committed,  1 nodes.
             Both:        1.25 GB reserved,     280.75 MB ( 22%) committed. 

Chunk freelists:
   Non-Class:  10.44 MB
       Class:  12.31 MB
        Both:  22.75 MB

MaxMetaspaceSize: unlimited
CompressedClassSpaceSize: 1.00 GB
Initial GC threshold: 21.00 MB
Current GC threshold: 467.75 MB
CDS: off
 - commit_granule_bytes: 65536.
 - commit_granule_words: 8192.
 - virtual_space_node_default_size: 8388608.
 - enlarge_chunks_in_place: 1.
 - use_allocation_guard: 0.


Internal statistics:

num_allocs_failed_limit: 14.
num_arena_births: 4776.
num_arena_deaths: 168.
num_vsnodes_births: 5.
num_vsnodes_deaths: 0.
num_space_committed: 4487.
num_space_uncommitted: 0.
num_chunks_returned_to_freelist: 242.
num_chunks_taken_from_freelist: 18285.
num_chunk_merges: 89.
num_chunk_splits: 10876.
num_chunks_enlarged: 5975.
num_inconsistent_stats: 0.

CodeHeap 'non-profiled nmethods': size=259328Kb used=7908Kb max_used=8078Kb free=251419Kb
 bounds [0x000002141fa80000, 0x0000021420270000, 0x000002142f7c0000]
CodeHeap 'profiled nmethods': size=259264Kb used=39374Kb max_used=40340Kb free=219889Kb
 bounds [0x000002140f7c0000, 0x0000021411f30000, 0x000002141f4f0000]
CodeHeap 'non-nmethods': size=5696Kb used=3091Kb max_used=3126Kb free=2604Kb
 bounds [0x000002141f4f0000, 0x000002141f810000, 0x000002141fa80000]
 total_blobs=22559 nmethods=20740 adapters=1720
 compilation: enabled
              stopped_count=0, restarted_count=0
 full_count=0

Compilation events (20 events):
Event: 35.269 Thread 0x000002143a12ea10 25051       2       sun.awt.shell.Win32ShellFolder2::isFileSystem (28 bytes)
Event: 35.270 Thread 0x000002143a12ea10 nmethod 25051 0x000002140fa02810 code [0x000002140fa029c0, 0x000002140fa02b80]
Event: 35.270 Thread 0x000002143a12ea10 25052       2       com.jetbrains.rider.projectView.SolutionHostExtensionsKt::z (92 bytes)
Event: 35.270 Thread 0x000002143a12ea10 nmethod 25052 0x000002140f876990 code [0x000002140f876bc0, 0x000002140f8770a8]
Event: 35.270 Thread 0x000002143a12ea10 25053       1       sun.awt.shell.Win32ShellFolder2::getParentFile (5 bytes)
Event: 35.271 Thread 0x000002143a12ea10 nmethod 25053 0x0000021420115f90 code [0x0000021420116120, 0x00000214201161e8]
Event: 35.271 Thread 0x000002143a12ea10 25050       2       sun.java2d.marlin.Renderer::dispose (467 bytes)
Event: 35.273 Thread 0x000002143a12ea10 nmethod 25050 0x00000214111dde90 code [0x00000214111de1c0, 0x00000214111deed0]
Event: 35.273 Thread 0x000002143a12ea10 25058       2       kotlin.collections.ArraysKt___ArraysKt::toCollection (45 bytes)
Event: 35.273 Thread 0x000002143a12ea10 nmethod 25058 0x0000021410394d90 code [0x0000021410394fc0, 0x0000021410395458]
Event: 35.273 Thread 0x000002143a12ea10 25054       2       sun.awt.shell.Win32ShellFolder2::isSpecial (28 bytes)
Event: 35.274 Thread 0x000002143a12ea10 nmethod 25054 0x000002140f973710 code [0x000002140f9738c0, 0x000002140f973af0]
Event: 35.274 Thread 0x000002143a12ea10 25055   !   2       sun.awt.shell.Win32ShellFolderManager2::getDesktop (50 bytes)
Event: 35.275 Thread 0x000002143a12ea10 nmethod 25055 0x000002140f9f0b10 code [0x000002140f9f0ce0, 0x000002140f9f0fd0]
Event: 35.275 Thread 0x000002143a12ea10 25057       2       sun.awt.shell.Win32ShellFolder2::getDesktop (4 bytes)
Event: 35.275 Thread 0x000002143a12ea10 nmethod 25057 0x00000214100f2210 code [0x00000214100f23c0, 0x00000214100f24e0]
Event: 35.311 Thread 0x000002143a12ea10 25061       2       dk.brics.automaton.BasicOperations::concatenate (451 bytes)
Event: 35.314 Thread 0x000002143a12ea10 nmethod 25061 0x0000021410b54d10 code [0x0000021410b55260, 0x0000021410b57030]
Event: 35.314 Thread 0x000002143a12ea10 25062       2       java.util.IdentityHashMap$IdentityHashMapSpliterator::getFence (47 bytes)
Event: 35.314 Thread 0x000002143a12ea10 nmethod 25062 0x0000021410118810 code [0x00000214101189a0, 0x0000021410118ad0]

GC Heap History (20 events):
Event: 27.182 GC heap after
{Heap after GC invocations=34 (full 0):
 garbage-first heap   total 332800K, used 218681K [0x0000000080000000, 0x0000000100000000)
  region size 1024K, 4 young (4096K), 4 survivors (4096K)
 Metaspace       used 232933K, committed 236224K, reserved 1310720K
  class space    used 28261K, committed 29696K, reserved 1048576K
}
Event: 27.659 GC heap before
{Heap before GC invocations=35 (full 0):
 garbage-first heap   total 416768K, used 305721K [0x0000000080000000, 0x0000000100000000)
  region size 1024K, 84 young (86016K), 4 survivors (4096K)
 Metaspace       used 236651K, committed 240064K, reserved 1310720K
  class space    used 28758K, committed 30272K, reserved 1048576K
}
Event: 27.669 GC heap after
{Heap after GC invocations=36 (full 0):
 garbage-first heap   total 416768K, used 227022K [0x0000000080000000, 0x0000000100000000)
  region size 1024K, 11 young (11264K), 11 survivors (11264K)
 Metaspace       used 236651K, committed 240064K, reserved 1310720K
  class space    used 28758K, committed 30272K, reserved 1048576K
}
Event: 28.969 GC heap before
{Heap before GC invocations=36 (full 0):
 garbage-first heap   total 416768K, used 365262K [0x0000000080000000, 0x0000000100000000)
  region size 1024K, 137 young (140288K), 11 survivors (11264K)
 Metaspace       used 248190K, committed 251648K, reserved 1310720K
  class space    used 30217K, committed 31744K, reserved 1048576K
}
Event: 28.991 GC heap after
{Heap after GC invocations=37 (full 0):
 garbage-first heap   total 416768K, used 239547K [0x0000000080000000, 0x0000000100000000)
  region size 1024K, 18 young (18432K), 18 survivors (18432K)
 Metaspace       used 248190K, committed 251648K, reserved 1310720K
  class space    used 30217K, committed 31744K, reserved 1048576K
}
Event: 29.108 GC heap before
{Heap before GC invocations=37 (full 0):
 garbage-first heap   total 416768K, used 289723K [0x0000000080000000, 0x0000000100000000)
  region size 1024K, 69 young (70656K), 18 survivors (18432K)
 Metaspace       used 249126K, committed 252544K, reserved 1310720K
  class space    used 30385K, committed 31872K, reserved 1048576K
}
Event: 29.119 GC heap after
{Heap after GC invocations=38 (full 0):
 garbage-first heap   total 416768K, used 242088K [0x0000000080000000, 0x0000000100000000)
  region size 1024K, 6 young (6144K), 6 survivors (6144K)
 Metaspace       used 249126K, committed 252544K, reserved 1310720K
  class space    used 30385K, committed 31872K, reserved 1048576K
}
Event: 29.763 GC heap before
{Heap before GC invocations=39 (full 0):
 garbage-first heap   total 416768K, used 376232K [0x0000000080000000, 0x0000000100000000)
  region size 1024K, 125 young (128000K), 6 survivors (6144K)
 Metaspace       used 254128K, committed 257536K, reserved 1310720K
  class space    used 30984K, committed 32512K, reserved 1048576K
}
Event: 29.775 GC heap after
{Heap after GC invocations=40 (full 0):
 garbage-first heap   total 416768K, used 245607K [0x0000000080000000, 0x0000000100000000)
  region size 1024K, 11 young (11264K), 11 survivors (11264K)
 Metaspace       used 254128K, committed 257536K, reserved 1310720K
  class space    used 30984K, committed 32512K, reserved 1048576K
}
Event: 32.767 GC heap before
{Heap before GC invocations=40 (full 0):
 garbage-first heap   total 515072K, used 506727K [0x0000000080000000, 0x0000000100000000)
  region size 1024K, 133 young (136192K), 11 survivors (11264K)
 Metaspace       used 273249K, committed 276864K, reserved 1310720K
  class space    used 33354K, committed 34944K, reserved 1048576K
}
Event: 32.795 GC heap after
{Heap after GC invocations=41 (full 0):
 garbage-first heap   total 534528K, used 308390K [0x0000000080000000, 0x0000000100000000)
  region size 1024K, 17 young (17408K), 17 survivors (17408K)
 Metaspace       used 273249K, committed 276864K, reserved 1310720K
  class space    used 33354K, committed 34944K, reserved 1048576K
}
Event: 32.800 GC heap before
{Heap before GC invocations=41 (full 0):
 garbage-first heap   total 534528K, used 309414K [0x0000000080000000, 0x0000000100000000)
  region size 1024K, 19 young (19456K), 17 survivors (17408K)
 Metaspace       used 273274K, committed 276928K, reserved 1310720K
  class space    used 33358K, committed 34944K, reserved 1048576K
}
Event: 32.818 GC heap after
{Heap after GC invocations=42 (full 0):
 garbage-first heap   total 534528K, used 302190K [0x0000000080000000, 0x0000000100000000)
  region size 1024K, 3 young (3072K), 3 survivors (3072K)
 Metaspace       used 273274K, committed 276928K, reserved 1310720K
  class space    used 33358K, committed 34944K, reserved 1048576K
}
Event: 34.479 GC heap before
{Heap before GC invocations=43 (full 0):
 garbage-first heap   total 604160K, used 537710K [0x0000000080000000, 0x0000000100000000)
  region size 1024K, 177 young (181248K), 3 survivors (3072K)
 Metaspace       used 282034K, committed 285824K, reserved 1310720K
  class space    used 34527K, committed 36224K, reserved 1048576K
}
Event: 34.499 GC heap after
{Heap after GC invocations=44 (full 0):
 garbage-first heap   total 604160K, used 310066K [0x0000000080000000, 0x0000000100000000)
  region size 1024K, 11 young (11264K), 11 survivors (11264K)
 Metaspace       used 282034K, committed 285824K, reserved 1310720K
  class space    used 34527K, committed 36224K, reserved 1048576K
}
Event: 34.712 GC heap before
{Heap before GC invocations=44 (full 0):
 garbage-first heap   total 604160K, used 528178K [0x0000000080000000, 0x0000000100000000)
  region size 1024K, 224 young (229376K), 11 survivors (11264K)
 Metaspace       used 282637K, committed 286464K, reserved 1310720K
  class space    used 34613K, committed 36352K, reserved 1048576K
}
Event: 34.739 GC heap after
{Heap after GC invocations=45 (full 0):
 garbage-first heap   total 604160K, used 326656K [0x0000000080000000, 0x0000000100000000)
  region size 1024K, 28 young (28672K), 28 survivors (28672K)
 Metaspace       used 282637K, committed 286464K, reserved 1310720K
  class space    used 34613K, committed 36352K, reserved 1048576K
}
Event: 34.961 GC heap before
{Heap before GC invocations=45 (full 0):
 garbage-first heap   total 604160K, used 536576K [0x0000000080000000, 0x0000000100000000)
  region size 1024K, 234 young (239616K), 28 survivors (28672K)
 Metaspace       used 283498K, committed 287296K, reserved 1310720K
  class space    used 34757K, committed 36480K, reserved 1048576K
}
Event: 35.037 GC heap after
{Heap after GC invocations=46 (full 0):
 garbage-first heap   total 604160K, used 351089K [0x0000000080000000, 0x0000000100000000)
  region size 1024K, 26 young (26624K), 26 survivors (26624K)
 Metaspace       used 283498K, committed 287296K, reserved 1310720K
  class space    used 34757K, committed 36480K, reserved 1048576K
}
Event: 35.326 GC heap before
{Heap before GC invocations=46 (full 0):
 garbage-first heap   total 754688K, used 499569K [0x0000000080000000, 0x0000000100000000)
  region size 1024K, 209 young (214016K), 26 survivors (26624K)
 Metaspace       used 283733K, committed 287488K, reserved 1310720K
  class space    used 34785K, committed 36480K, reserved 1048576K
}

Dll operation events (3 events):
Event: 0.295 Loaded shared library C:\Program Files\JetBrains\JetBrains Rider 2024.2.5\jbr\bin\java.dll
Event: 0.300 Loaded shared library C:\Program Files\JetBrains\JetBrains Rider 2024.2.5\jbr\bin\zip.dll
Event: 1.438 Loaded shared library C:\Program Files\JetBrains\JetBrains Rider 2024.2.5\jbr\bin\verify.dll

Deoptimization events (20 events):
Event: 35.295 Thread 0x00000214e4a56a40 DEOPT PACKING pc=0x0000021411dadc4c sp=0x0000001d5fefd390
Event: 35.295 Thread 0x00000214e4a56a40 DEOPT UNPACKING pc=0x000002141f544e42 sp=0x0000001d5fefc830 mode 0
Event: 35.296 Thread 0x00000214e4a56a40 DEOPT PACKING pc=0x0000021411dadc4c sp=0x0000001d5fefd390
Event: 35.296 Thread 0x00000214e4a56a40 DEOPT UNPACKING pc=0x000002141f544e42 sp=0x0000001d5fefc830 mode 0
Event: 35.301 Thread 0x00000214ee682c60 DEOPT PACKING pc=0x0000021411dadc4c sp=0x0000001d659fb090
Event: 35.301 Thread 0x00000214ee682c60 DEOPT UNPACKING pc=0x000002141f544e42 sp=0x0000001d659fa530 mode 0
Event: 35.306 Thread 0x00000214ee681f40 DEOPT PACKING pc=0x0000021411dadc4c sp=0x0000001d658fd010
Event: 35.306 Thread 0x00000214ee681f40 DEOPT UNPACKING pc=0x000002141f544e42 sp=0x0000001d658fc4a0 mode 0
Event: 35.306 Thread 0x00000214ee6832f0 DEOPT PACKING pc=0x0000021411dadc4c sp=0x0000001d65bfd1f0
Event: 35.306 Thread 0x00000214ee6832f0 DEOPT UNPACKING pc=0x000002141f544e42 sp=0x0000001d65bfc680 mode 0
Event: 35.307 Thread 0x00000214ee6832f0 DEOPT PACKING pc=0x0000021411dadc4c sp=0x0000001d65bfd1f0
Event: 35.307 Thread 0x00000214ee6832f0 DEOPT UNPACKING pc=0x000002141f544e42 sp=0x0000001d65bfc680 mode 0
Event: 35.308 Thread 0x00000214ee681f40 DEOPT PACKING pc=0x0000021411dadc4c sp=0x0000001d658fd010
Event: 35.308 Thread 0x00000214ee681f40 DEOPT UNPACKING pc=0x000002141f544e42 sp=0x0000001d658fc4a0 mode 0
Event: 35.309 Thread 0x00000214ee681f40 DEOPT PACKING pc=0x0000021411dadc4c sp=0x0000001d658fd010
Event: 35.309 Thread 0x00000214ee681f40 DEOPT UNPACKING pc=0x000002141f544e42 sp=0x0000001d658fc4a0 mode 0
Event: 35.309 Thread 0x00000214ee681f40 DEOPT PACKING pc=0x0000021411dadc4c sp=0x0000001d658fd010
Event: 35.309 Thread 0x00000214ee681f40 DEOPT UNPACKING pc=0x000002141f544e42 sp=0x0000001d658fc4a0 mode 0
Event: 35.315 Thread 0x00000214ee681f40 DEOPT PACKING pc=0x0000021411f0cbe3 sp=0x0000001d658fd050
Event: 35.315 Thread 0x00000214ee681f40 DEOPT UNPACKING pc=0x000002141f544e42 sp=0x0000001d658fc6d8 mode 0

Classes loaded (20 events):
Event: 35.275 Loading class com/intellij/util/indexing/SingleProviderIterator
Event: 35.275 Loading class com/intellij/util/indexing/SingleProviderIterator done
Event: 35.275 Loading class com/intellij/util/indexing/roots/kind/IndexableSetOrigin
Event: 35.275 Loading class com/intellij/util/indexing/roots/kind/IndexableSetOrigin done
Event: 35.276 Loading class com/intellij/openapi/vfs/VirtualFile
Event: 35.276 Loading class com/intellij/openapi/vfs/VirtualFile done
Event: 35.276 Loading class com/intellij/openapi/vfs/VirtualFile
Event: 35.276 Loading class com/intellij/openapi/vfs/VirtualFile done
Event: 35.277 Loading class com/intellij/psi/templateLanguages/TemplateDataLanguageMappings
Event: 35.277 Loading class com/intellij/psi/templateLanguages/TemplateDataLanguageMappings done
Event: 35.277 Loading class com/intellij/lang/LanguagePerFileMappings
Event: 35.277 Loading class com/intellij/lang/LanguagePerFileMappings done
Event: 35.298 Loading class com/intellij/sql/dialects/SqlLanguageDialect
Event: 35.298 Loading class com/intellij/sql/dialects/SqlLanguageDialect done
Event: 35.298 Loading class com/intellij/sql/dialects/SqlLanguageDialect
Event: 35.298 Loading class com/intellij/sql/dialects/SqlLanguageDialect done
Event: 35.298 Loading class com/intellij/sql/dialects/SqlLanguageDialect
Event: 35.298 Loading class com/intellij/sql/dialects/SqlLanguageDialect done
Event: 35.311 Loading class com/intellij/database/DbmsExtension$Bean
Event: 35.311 Loading class com/intellij/database/DbmsExtension$Bean done

Classes unloaded (20 events):
Event: 25.394 Thread 0x000002143a0be3f0 Unloading class 0x00000001013ab400 'java/lang/invoke/LambdaForm$MH+0x00000001013ab400'
Event: 25.394 Thread 0x000002143a0be3f0 Unloading class 0x00000001013aa800 'java/lang/invoke/LambdaForm$MH+0x00000001013aa800'
Event: 25.394 Thread 0x000002143a0be3f0 Unloading class 0x00000001013aa000 'java/lang/invoke/LambdaForm$MH+0x00000001013aa000'
Event: 25.394 Thread 0x000002143a0be3f0 Unloading class 0x00000001013a9800 'java/lang/invoke/LambdaForm$MH+0x00000001013a9800'
Event: 25.394 Thread 0x000002143a0be3f0 Unloading class 0x00000001013a9000 'java/lang/invoke/LambdaForm$MH+0x00000001013a9000'
Event: 25.394 Thread 0x000002143a0be3f0 Unloading class 0x00000001013a8400 'java/lang/invoke/LambdaForm$MH+0x00000001013a8400'
Event: 25.394 Thread 0x000002143a0be3f0 Unloading class 0x00000001013a8800 'java/lang/invoke/LambdaForm$MH+0x00000001013a8800'
Event: 25.394 Thread 0x000002143a0be3f0 Unloading class 0x00000001013a3c00 'java/lang/invoke/LambdaForm$MH+0x00000001013a3c00'
Event: 25.394 Thread 0x000002143a0be3f0 Unloading class 0x00000001013a3800 'java/lang/invoke/LambdaForm$MH+0x00000001013a3800'
Event: 25.394 Thread 0x000002143a0be3f0 Unloading class 0x00000001013a3400 'java/lang/invoke/LambdaForm$MH+0x00000001013a3400'
Event: 25.394 Thread 0x000002143a0be3f0 Unloading class 0x00000001013a2400 'java/lang/invoke/LambdaForm$DMH+0x00000001013a2400'
Event: 25.394 Thread 0x000002143a0be3f0 Unloading class 0x00000001013a2000 'java/lang/invoke/LambdaForm$MH+0x00000001013a2000'
Event: 25.394 Thread 0x000002143a0be3f0 Unloading class 0x00000001013a1c00 'java/lang/invoke/LambdaForm$MH+0x00000001013a1c00'
Event: 25.394 Thread 0x000002143a0be3f0 Unloading class 0x00000001013a1000 'java/lang/invoke/LambdaForm$MH+0x00000001013a1000'
Event: 25.394 Thread 0x000002143a0be3f0 Unloading class 0x00000001013a0c00 'java/lang/invoke/LambdaForm$MH+0x00000001013a0c00'
Event: 25.394 Thread 0x000002143a0be3f0 Unloading class 0x00000001013a1400 'java/lang/invoke/LambdaForm$MH+0x00000001013a1400'
Event: 25.394 Thread 0x000002143a0be3f0 Unloading class 0x000000010137c800 'java/lang/invoke/LambdaForm$MH+0x000000010137c800'
Event: 25.394 Thread 0x000002143a0be3f0 Unloading class 0x000000010137c400 'java/lang/invoke/LambdaForm$MH+0x000000010137c400'
Event: 25.394 Thread 0x000002143a0be3f0 Unloading class 0x0000000101371400 'java/lang/invoke/LambdaForm$DMH+0x0000000101371400'
Event: 27.306 Thread 0x000002143a0be3f0 Unloading class 0x000000010153cc00 'java/lang/invoke/LambdaForm$DMH+0x000000010153cc00'

Classes redefined (4 events):
Event: 1.287 Thread 0x000002143a0be3f0 redefined class name=java.math.BigInteger, count=1
Event: 1.298 Thread 0x000002143a0be3f0 redefined class name=java.net.InetAddress, count=1
Event: 1.307 Thread 0x000002143a0be3f0 redefined class name=sun.management.VMManagementImpl, count=1
Event: 1.332 Thread 0x000002143a0be3f0 redefined class name=java.lang.Class, count=1

Internal exceptions (20 events):
Event: 34.759 Thread 0x00000214e5c5d260 Exception <a 'java/lang/UnsatisfiedLinkError'{0x00000000a3202908}: 지정된 프로시저를 찾을 수 없습니다.
> (0x00000000a3202908) 
thrown [s\src\hotspot\share\prims\jni.cpp, line 554]
Event: 34.759 Thread 0x00000214e5c5d260 Exception <a 'java/lang/UnsatisfiedLinkError'{0x00000000a3203fb0}: 지정된 프로시저를 찾을 수 없습니다.
> (0x00000000a3203fb0) 
thrown [s\src\hotspot\share\prims\jni.cpp, line 554]
Event: 34.843 Thread 0x00000214e4a57760 Exception <a 'java/lang/NoSuchMethodError'{0x000000009e3d8558}: 'int java.lang.invoke.DirectMethodHandle$Holder.invokeStatic(java.lang.Object, java.lang.Object, java.lang.Object, int, java.lang.Object)'> (0x000000009e3d8558) 
thrown [s\src\hotspot\share\interpreter\linkResolver.cpp, line 784]
Event: 34.843 Thread 0x00000214632ba2a0 Exception <a 'java/lang/NoSuchMethodError'{0x000000009e0b9528}: 'int java.lang.invoke.DirectMethodHandle$Holder.invokeStatic(java.lang.Object, java.lang.Object, java.lang.Object, int, java.lang.Object)'> (0x000000009e0b9528) 
thrown [s\src\hotspot\share\interpreter\linkResolver.cpp, line 784]
Event: 34.843 Thread 0x00000214e5c60d70 Exception <a 'java/lang/NoSuchMethodError'{0x000000009e0a67f8}: 'int java.lang.invoke.DirectMethodHandle$Holder.invokeStatic(java.lang.Object, java.lang.Object, java.lang.Object, int, java.lang.Object)'> (0x000000009e0a67f8) 
thrown [s\src\hotspot\share\interpreter\linkResolver.cpp, line 784]
Event: 34.843 Thread 0x00000214e4a58b10 Exception <a 'java/lang/NoSuchMethodError'{0x000000009e0acb60}: 'int java.lang.invoke.DirectMethodHandle$Holder.invokeStatic(java.lang.Object, java.lang.Object, java.lang.Object, int, java.lang.Object)'> (0x000000009e0acb60) 
thrown [s\src\hotspot\share\interpreter\linkResolver.cpp, line 784]
Event: 34.843 Thread 0x00000214bc62b630 Exception <a 'java/lang/NoSuchMethodError'{0x000000009e33baf0}: 'int java.lang.invoke.DirectMethodHandle$Holder.invokeStatic(java.lang.Object, java.lang.Object, java.lang.Object, int, java.lang.Object)'> (0x000000009e33baf0) 
thrown [s\src\hotspot\share\interpreter\linkResolver.cpp, line 784]
Event: 34.843 Thread 0x00000214e4a591a0 Exception <a 'java/lang/NoSuchMethodError'{0x000000009e30b668}: 'int java.lang.invoke.DirectMethodHandle$Holder.invokeStatic(java.lang.Object, java.lang.Object, java.lang.Object, int, java.lang.Object)'> (0x000000009e30b668) 
thrown [s\src\hotspot\share\interpreter\linkResolver.cpp, line 784]
Event: 34.843 Thread 0x0000021476eb7640 Exception <a 'java/lang/NoSuchMethodError'{0x00000000a3bd9c88}: 'int java.lang.invoke.DirectMethodHandle$Holder.invokeStatic(java.lang.Object, java.lang.Object, java.lang.Object, int, java.lang.Object)'> (0x00000000a3bd9c88) 
thrown [s\src\hotspot\share\interpreter\linkResolver.cpp, line 784]
Event: 34.843 Thread 0x00000214632b7b40 Exception <a 'java/lang/NoSuchMethodError'{0x000000009e36eca8}: 'int java.lang.invoke.DirectMethodHandle$Holder.invokeStatic(java.lang.Object, java.lang.Object, java.lang.Object, int, java.lang.Object)'> (0x000000009e36eca8) 
thrown [s\src\hotspot\share\interpreter\linkResolver.cpp, line 784]
Event: 34.844 Thread 0x00000214bc62afa0 Exception <a 'java/lang/NoSuchMethodError'{0x000000009e0b4618}: 'int java.lang.invoke.DirectMethodHandle$Holder.invokeStatic(java.lang.Object, java.lang.Object, java.lang.Object, int, java.lang.Object)'> (0x000000009e0b4618) 
thrown [s\src\hotspot\share\interpreter\linkResolver.cpp, line 784]
Event: 34.844 Thread 0x00000214e4a50140 Exception <a 'java/lang/NoSuchMethodError'{0x000000009e105218}: 'int java.lang.invoke.DirectMethodHandle$Holder.invokeStatic(java.lang.Object, java.lang.Object, java.lang.Object, int, java.lang.Object)'> (0x000000009e105218) 
thrown [s\src\hotspot\share\interpreter\linkResolver.cpp, line 784]
Event: 34.844 Thread 0x00000214bc62a280 Exception <a 'java/lang/NoSuchMethodError'{0x000000009e1e6b18}: 'int java.lang.invoke.DirectMethodHandle$Holder.invokeStatic(java.lang.Object, java.lang.Object, java.lang.Object, int, java.lang.Object)'> (0x000000009e1e6b18) 
thrown [s\src\hotspot\share\interpreter\linkResolver.cpp, line 784]
Event: 34.844 Thread 0x00000214e4a57df0 Exception <a 'java/lang/NoSuchMethodError'{0x000000009ded9f98}: 'int java.lang.invoke.DirectMethodHandle$Holder.invokeStatic(java.lang.Object, java.lang.Object, java.lang.Object, int, java.lang.Object)'> (0x000000009ded9f98) 
thrown [s\src\hotspot\share\interpreter\linkResolver.cpp, line 784]
Event: 34.844 Thread 0x00000214e5c5f330 Exception <a 'java/lang/NoSuchMethodError'{0x000000009e345530}: 'int java.lang.invoke.DirectMethodHandle$Holder.invokeStatic(java.lang.Object, java.lang.Object, java.lang.Object, int, java.lang.Object)'> (0x000000009e345530) 
thrown [s\src\hotspot\share\interpreter\linkResolver.cpp, line 784]
Event: 34.844 Thread 0x00000214637f88d0 Exception <a 'java/lang/NoSuchMethodError'{0x000000009e3e0f80}: 'int java.lang.invoke.DirectMethodHandle$Holder.invokeStatic(java.lang.Object, java.lang.Object, java.lang.Object, int, java.lang.Object)'> (0x000000009e3e0f80) 
thrown [s\src\hotspot\share\interpreter\linkResolver.cpp, line 784]
Event: 35.280 Thread 0x00000214e5c60d70 Exception <a 'sun/nio/fs/WindowsException'{0x00000000ac18ad28}> (0x00000000ac18ad28) 
thrown [s\src\hotspot\share\prims\jni.cpp, line 535]
Event: 35.284 Thread 0x00000214e5c60d70 Exception <a 'sun/nio/fs/WindowsException'{0x00000000abd02c00}> (0x00000000abd02c00) 
thrown [s\src\hotspot\share\prims\jni.cpp, line 535]
Event: 35.290 Thread 0x00000214e5c60d70 Exception <a 'sun/nio/fs/WindowsException'{0x00000000abb9a7b8}> (0x00000000abb9a7b8) 
thrown [s\src\hotspot\share\prims\jni.cpp, line 535]
Event: 35.300 Thread 0x00000214e5c60d70 Exception <a 'sun/nio/fs/WindowsException'{0x00000000ab69f560}> (0x00000000ab69f560) 
thrown [s\src\hotspot\share\prims\jni.cpp, line 535]

ZGC Phase Switch (0 events):
No events

VM Operations (20 events):
Event: 34.368 Executing VM operation: HandshakeAllThreads (Deoptimize) done
Event: 34.424 Executing VM operation: HandshakeAllThreads (Deoptimize)
Event: 34.428 Executing VM operation: HandshakeAllThreads (Deoptimize) done
Event: 34.450 Executing VM operation: HandshakeAllThreads (Deoptimize)
Event: 34.461 Executing VM operation: HandshakeAllThreads (Deoptimize) done
Event: 34.466 Executing VM operation: HandshakeAllThreads (Deoptimize)
Event: 34.476 Executing VM operation: HandshakeAllThreads (Deoptimize) done
Event: 34.476 Executing VM operation: G1CollectForAllocation (G1 Evacuation Pause)
Event: 34.499 Executing VM operation: G1CollectForAllocation (G1 Evacuation Pause) done
Event: 34.638 Executing VM operation: HandshakeAllThreads (Deoptimize)
Event: 34.711 Executing VM operation: HandshakeAllThreads (Deoptimize) done
Event: 34.712 Executing VM operation: G1CollectForAllocation (G1 Evacuation Pause)
Event: 34.741 Executing VM operation: G1CollectForAllocation (G1 Evacuation Pause) done
Event: 34.744 Executing VM operation: HandshakeAllThreads (Deoptimize)
Event: 34.744 Executing VM operation: HandshakeAllThreads (Deoptimize) done
Event: 34.961 Executing VM operation: G1CollectForAllocation (G1 Evacuation Pause)
Event: 35.045 Executing VM operation: G1CollectForAllocation (G1 Evacuation Pause) done
Event: 35.205 Executing VM operation: G1PauseRemark
Event: 35.240 Executing VM operation: G1PauseRemark done
Event: 35.316 Executing VM operation: G1CollectForAllocation (G1 Evacuation Pause)

Events (20 events):
Event: 35.226 Thread 0x000002143a0be3f0 flushing nmethod 0x00000214200aec90
Event: 35.226 Thread 0x000002143a0be3f0 flushing nmethod 0x0000021420117e10
Event: 35.226 Thread 0x000002143a0be3f0 flushing nmethod 0x00000214200ca190
Event: 35.226 Thread 0x000002143a0be3f0 flushing nmethod 0x000002142002b810
Event: 35.226 Thread 0x000002143a0be3f0 flushing nmethod 0x0000021420048b90
Event: 35.226 Thread 0x000002143a0be3f0 flushing nmethod 0x0000021420006e90
Event: 35.227 Thread 0x000002143a0be3f0 flushing nmethod 0x000002141ff9db10
Event: 35.227 Thread 0x000002143a0be3f0 flushing nmethod 0x000002141ffe7190
Event: 35.227 Thread 0x000002143a0be3f0 flushing nmethod 0x000002141ff68790
Event: 35.227 Thread 0x000002143a0be3f0 flushing nmethod 0x000002141ffd8490
Event: 35.227 Thread 0x000002143a0be3f0 flushing nmethod 0x000002141ffd7f10
Event: 35.227 Thread 0x000002143a0be3f0 flushing nmethod 0x000002141ffc2510
Event: 35.227 Thread 0x000002143a0be3f0 flushing nmethod 0x000002141ff01f10
Event: 35.227 Thread 0x000002143a0be3f0 flushing nmethod 0x000002141fdf7110
Event: 35.227 Thread 0x000002143a0be3f0 flushing nmethod 0x000002141fe2b610
Event: 35.227 Thread 0x000002143a0be3f0 flushing nmethod 0x000002141fd8d290
Event: 35.227 Thread 0x000002143a0be3f0 flushing nmethod 0x000002141fc7cd90
Event: 35.227 Thread 0x000002143a0be3f0 flushing nmethod 0x000002141fd61d10
Event: 35.227 Thread 0x000002143a0be3f0 flushing nmethod 0x000002141fd50410
Event: 35.227 Thread 0x000002143a0be3f0 flushing nmethod 0x000002141fb32590


Dynamic libraries:
0x00007ff7b7f40000 - 0x00007ff7b80af000 	C:\Program Files\JetBrains\JetBrains Rider 2024.2.5\bin\rider64.exe
0x00007ffbcaa70000 - 0x00007ffbcac87000 	C:\Windows\SYSTEM32\ntdll.dll
0x00007ffbca410000 - 0x00007ffbca4d4000 	C:\Windows\System32\KERNEL32.DLL
0x00007ffbc7ea0000 - 0x00007ffbc8257000 	C:\Windows\System32\KERNELBASE.dll
0x00007ffbca6c0000 - 0x00007ffbca772000 	C:\Windows\System32\ADVAPI32.dll
0x00007ffbc8b00000 - 0x00007ffbc8ba7000 	C:\Windows\System32\msvcrt.dll
0x00007ffbc8a50000 - 0x00007ffbc8af8000 	C:\Windows\System32\sechost.dll
0x00007ffbc84b0000 - 0x00007ffbc84d8000 	C:\Windows\System32\bcrypt.dll
0x00007ffbc9130000 - 0x00007ffbc9244000 	C:\Windows\System32\RPCRT4.dll
0x00007ffbca5e0000 - 0x00007ffbca6b7000 	C:\Windows\System32\OLEAUT32.dll
0x00007ffbc7d80000 - 0x00007ffbc7e1a000 	C:\Windows\System32\msvcp_win.dll
0x00007ffbc8390000 - 0x00007ffbc84a1000 	C:\Windows\System32\ucrtbase.dll
0x00007ffbca080000 - 0x00007ffbca40e000 	C:\Windows\System32\combase.dll
0x00007ffbc9260000 - 0x00007ffbc9ac9000 	C:\Windows\System32\SHELL32.dll
0x00007ffbc8f60000 - 0x00007ffbc910f000 	C:\Windows\System32\USER32.dll
0x00007ffbc84e0000 - 0x00007ffbc8506000 	C:\Windows\System32\win32u.dll
0x00007ffbca5b0000 - 0x00007ffbca5d9000 	C:\Windows\System32\GDI32.dll
0x00007ffbc8680000 - 0x00007ffbc8798000 	C:\Windows\System32\gdi32full.dll
0x00007ffbaf540000 - 0x00007ffbaf772000 	C:\Windows\SYSTEM32\dbghelp.dll
0x00007ffbc7290000 - 0x00007ffbc72b8000 	C:\Windows\SYSTEM32\USERENV.dll
0x00007ffbbbb70000 - 0x00007ffbbbba4000 	C:\Windows\SYSTEM32\WINMM.dll
0x00007ffbc73f0000 - 0x00007ffbc73fc000 	C:\Windows\SYSTEM32\CRYPTBASE.DLL
0x00007ffbc8910000 - 0x00007ffbc8941000 	C:\Windows\System32\IMM32.DLL
0x00007ffbc5ca0000 - 0x00007ffbc659f000 	C:\Windows\SYSTEM32\windows.storage.dll
0x00007ffbc5b60000 - 0x00007ffbc5c9f000 	C:\Windows\SYSTEM32\wintypes.dll
0x00007ffbc9f60000 - 0x00007ffbca059000 	C:\Windows\System32\SHCORE.dll
0x00007ffbca550000 - 0x00007ffbca5ae000 	C:\Windows\System32\shlwapi.dll
0x00007ffbc7cb0000 - 0x00007ffbc7cd7000 	C:\Windows\SYSTEM32\profapi.dll
0x00007ffbc6ea0000 - 0x00007ffbc6ed4000 	C:\Windows\SYSTEM32\ntmarta.dll
0x00007ffadf490000 - 0x00007ffae0242000 	C:\Program Files\JetBrains\JetBrains Rider 2024.2.5\jbr\bin\server\jvm.dll
0x00007ffbc8bb0000 - 0x00007ffbc8c21000 	C:\Windows\System32\WS2_32.dll
0x00007ffba70c0000 - 0x00007ffba70ca000 	C:\Windows\SYSTEM32\VERSION.dll
0x00007ffbc7620000 - 0x00007ffbc766d000 	C:\Windows\SYSTEM32\POWRPROF.dll
0x00007ffba1ac0000 - 0x00007ffba1acc000 	C:\Program Files\JetBrains\JetBrains Rider 2024.2.5\jbr\bin\VCRUNTIME140_1.dll
0x00007ffb5ad20000 - 0x00007ffb5ad3b000 	C:\Program Files\JetBrains\JetBrains Rider 2024.2.5\jbr\bin\VCRUNTIME140.dll
0x00007ffbc7600000 - 0x00007ffbc7613000 	C:\Windows\SYSTEM32\UMPDC.dll
0x00007ffb8ef60000 - 0x00007ffb8ef6a000 	C:\Program Files\JetBrains\JetBrains Rider 2024.2.5\jbr\bin\jimage.dll
0x00007ffba5d80000 - 0x00007ffba5db2000 	C:\Windows\SYSTEM32\dbgcore.DLL
0x00007ffbc7e20000 - 0x00007ffbc7e9b000 	C:\Windows\System32\bcryptPrimitives.dll
0x00007ffb8b4e0000 - 0x00007ffb8b4ee000 	C:\Program Files\JetBrains\JetBrains Rider 2024.2.5\jbr\bin\instrument.dll
0x00007ffb57440000 - 0x00007ffb5745f000 	C:\Program Files\JetBrains\JetBrains Rider 2024.2.5\jbr\bin\java.dll
0x00007ffb55700000 - 0x00007ffb55718000 	C:\Program Files\JetBrains\JetBrains Rider 2024.2.5\jbr\bin\jli.dll
0x00007ffb8b660000 - 0x00007ffb8b713000 	C:\Windows\WinSxS\amd64_microsoft.windows.common-controls_6595b64144ccf1df_5.82.22621.3527_none_b43b7f4b638cc64f\COMCTL32.dll
0x00007ffbc6d90000 - 0x00007ffbc6da8000 	C:\Windows\SYSTEM32\kernel.appcore.dll
0x00007ffb53ef0000 - 0x00007ffb53f08000 	C:\Program Files\JetBrains\JetBrains Rider 2024.2.5\jbr\bin\zip.dll
0x00007ffb8a970000 - 0x00007ffb8a980000 	C:\Program Files\JetBrains\JetBrains Rider 2024.2.5\jbr\bin\net.dll
0x00007ffbc3c00000 - 0x00007ffbc3d36000 	C:\Windows\SYSTEM32\WINHTTP.dll
0x00007ffbc71f0000 - 0x00007ffbc7259000 	C:\Windows\system32\mswsock.dll
0x00007ffb53ec0000 - 0x00007ffb53ed6000 	C:\Program Files\JetBrains\JetBrains Rider 2024.2.5\jbr\bin\nio.dll
0x00007ffb8a7c0000 - 0x00007ffb8a7c9000 	C:\Program Files\JetBrains\JetBrains Rider 2024.2.5\jbr\bin\management.dll
0x00007ffb8a780000 - 0x00007ffb8a78b000 	C:\Program Files\JetBrains\JetBrains Rider 2024.2.5\jbr\bin\management_ext.dll
0x00007ffbc87a0000 - 0x00007ffbc87a8000 	C:\Windows\System32\PSAPI.DLL
0x00007ffb9da20000 - 0x00007ffb9da37000 	C:\Windows\system32\napinsp.dll
0x00007ffb9da00000 - 0x00007ffb9da1b000 	C:\Windows\system32\pnrpnsp.dll
0x00007ffbc6820000 - 0x00007ffbc6922000 	C:\Windows\SYSTEM32\DNSAPI.dll
0x00007ffbc67f0000 - 0x00007ffbc681d000 	C:\Windows\SYSTEM32\IPHLPAPI.DLL
0x00007ffbc9f50000 - 0x00007ffbc9f59000 	C:\Windows\System32\NSI.dll
0x00007ffb70400000 - 0x00007ffb70411000 	C:\Windows\System32\winrnr.dll
0x00007ffbc1020000 - 0x00007ffbc1035000 	C:\Windows\system32\wshbth.dll
0x00007ffb703d0000 - 0x00007ffb703f7000 	C:\Windows\system32\nlansp_c.dll
0x00000000674c0000 - 0x00000000674e6000 	C:\Program Files\Bonjour\mdnsNSP.dll
0x00007ffbc1310000 - 0x00007ffbc131a000 	C:\Windows\System32\rasadhlp.dll
0x00007ffbc2b60000 - 0x00007ffbc2be3000 	C:\Windows\System32\fwpuclnt.dll
0x00007ffb89c00000 - 0x00007ffb89c10000 	C:\Program Files\JetBrains\JetBrains Rider 2024.2.5\jbr\bin\verify.dll
0x00007ffaeb050000 - 0x00007ffaeb1e8000 	C:\Program Files\JetBrains\JetBrains Rider 2024.2.5\jbr\bin\awt.dll
0x00007ffbc5420000 - 0x00007ffbc544b000 	C:\Windows\SYSTEM32\dwmapi.dll
0x00007ffaf8350000 - 0x00007ffaf83dd000 	C:\Program Files\JetBrains\JetBrains Rider 2024.2.5\bin\MSVCP140.dll
0x00007ffb3a1b0000 - 0x00007ffb3a1f4000 	C:\Program Files\JetBrains\JetBrains Rider 2024.2.5\jbr\bin\nvdaControllerClient64.dll
0x00007ffbc3830000 - 0x00007ffbc38c7000 	C:\Windows\SYSTEM32\apphelp.dll
0x00007ffb83e80000 - 0x00007ffb83e8e000 	C:\Program Files\JetBrains\JetBrains Rider 2024.2.5\jbr\bin\sunmscapi.dll
0x00007ffbc8510000 - 0x00007ffbc8676000 	C:\Windows\System32\CRYPT32.dll
0x00007ffbc7720000 - 0x00007ffbc774d000 	C:\Windows\SYSTEM32\ncrypt.dll
0x00007ffbc76e0000 - 0x00007ffbc7717000 	C:\Windows\SYSTEM32\NTASN1.dll
0x00007ffb83750000 - 0x00007ffb83759000 	C:\Program Files\JetBrains\JetBrains Rider 2024.2.5\jbr\bin\prefs.dll
0x00007ffbc51d0000 - 0x00007ffbc5281000 	C:\Windows\system32\uxtheme.dll
0x00007ffbc87b0000 - 0x00007ffbc8910000 	C:\Windows\System32\MSCTF.dll
0x00007ffbca830000 - 0x00007ffbca9d5000 	C:\Windows\System32\ole32.dll
0x00007ffba0880000 - 0x00007ffba0888000 	C:\Windows\system32\wshunix.dll
0x00007ffb82e00000 - 0x00007ffb82e09000 	C:\Program Files\JetBrains\JetBrains Rider 2024.2.5\jbr\bin\extnet.dll
0x00007ffaeebd0000 - 0x00007ffaeec57000 	C:\Program Files\JetBrains\JetBrains Rider 2024.2.5\jbr\bin\freetype.dll
0x00007ffaeb5c0000 - 0x00007ffaeb6a5000 	C:\Program Files\JetBrains\JetBrains Rider 2024.2.5\jbr\bin\fontmanager.dll
0x00007ffb9e7a0000 - 0x00007ffb9e8a0000 	C:\Windows\system32\opengl32.dll
0x00007ffb9dac0000 - 0x00007ffb9daed000 	C:\Windows\SYSTEM32\GLU32.dll
0x00007ffbc5490000 - 0x00007ffbc54c7000 	C:\Windows\SYSTEM32\dxcore.dll
0x00007ffb391a0000 - 0x00007ffb391e5000 	C:\Program Files\JetBrains\JetBrains Rider 2024.2.5\lib\jna\amd64\jnidispatch.dll
0x00007ffbc75b0000 - 0x00007ffbc75cb000 	C:\Windows\SYSTEM32\CRYPTSP.dll
0x00007ffbc6cf0000 - 0x00007ffbc6d25000 	C:\Windows\system32\rsaenh.dll
0x00007ffbc7a20000 - 0x00007ffbc7a32000 	C:\Windows\SYSTEM32\MSASN1.dll
0x00007ffbc3ab0000 - 0x00007ffbc3ac9000 	C:\Windows\SYSTEM32\dhcpcsvc6.DLL
0x00007ffbc3a50000 - 0x00007ffbc3a6f000 	C:\Windows\SYSTEM32\dhcpcsvc.DLL
0x00007ffbb2360000 - 0x00007ffbb251a000 	C:\Windows\WinSxS\amd64_microsoft.windows.gdiplus_6595b64144ccf1df_1.1.22621.4249_none_57fb0ed6ce180668\gdiplus.dll
0x00007ffbbebe0000 - 0x00007ffbbed23000 	C:\Windows\SYSTEM32\textinputframework.dll
0x00007ffbca780000 - 0x00007ffbca830000 	C:\Windows\System32\clbcatq.dll
0x00007ffbbfb90000 - 0x00007ffbbfbdb000 	C:\Windows\system32\ApplicationTargetedFeatureDatabase.dll
0x00007ffbbe3f0000 - 0x00007ffbbe692000 	C:\Windows\System32\twinapi.appcore.dll
0x00007ffba8a80000 - 0x00007ffba8a97000 	C:\Windows\SYSTEM32\wtdccm.dll
0x00007ffbb7ec0000 - 0x00007ffbb8153000 	C:\Windows\WinSxS\amd64_microsoft.windows.common-controls_6595b64144ccf1df_6.0.22621.3672_none_2713b9d173822955\comctl32.dll
0x00007ffbc4f90000 - 0x00007ffbc5141000 	C:\Windows\SYSTEM32\WindowsCodecs.dll
0x00007ffbb2930000 - 0x00007ffbb298e000 	C:\Windows\system32\dataexchange.dll
0x00007ffbacf00000 - 0x00007ffbacf07000 	C:\Program Files\JetBrains\JetBrains Rider 2024.2.5\jbr\bin\jawt.dll
0x00007ffb0bb10000 - 0x00007ffb0bc72000 	C:\Program Files\JetBrains\JetBrains Rider 2024.2.5\jbr\bin\chrome_elf.dll
0x00007ffa94eb0000 - 0x00007ffaa1ebe000 	C:\Program Files\JetBrains\JetBrains Rider 2024.2.5\jbr\bin\libcef.dll
0x00007ffbc8320000 - 0x00007ffbc838c000 	C:\Windows\System32\WINTRUST.dll
0x00007ffbc6b70000 - 0x00007ffbc6b7c000 	C:\Windows\SYSTEM32\Secur32.dll
0x00007ffbc1f80000 - 0x00007ffbc21f3000 	C:\Windows\SYSTEM32\DWrite.dll
0x00007ffb8eb60000 - 0x00007ffb8ec07000 	C:\Windows\SYSTEM32\WINSPOOL.DRV
0x00007ffbc6ff0000 - 0x00007ffbc7033000 	C:\Windows\SYSTEM32\SSPICLI.DLL
0x00007ffb51980000 - 0x00007ffb51a7c000 	C:\Program Files\JetBrains\JetBrains Rider 2024.2.5\jbr\bin\jcef.dll
0x00007ffbbfb50000 - 0x00007ffbbfb88000 	C:\Program Files\JetBrains\JetBrains Rider 2024.2.5\bin\WinShellIntegrationBridge.dll
0x00007ffbaa570000 - 0x00007ffbaa61c000 	C:\Windows\System32\appresolver.dll
0x00007ffbc4b10000 - 0x00007ffbc4c11000 	C:\Windows\system32\propsys.dll
0x00007ffbbe390000 - 0x00007ffbbe3f0000 	C:\Windows\System32\Bcp47Langs.dll
0x00007ffbc7ae0000 - 0x00007ffbc7aea000 	C:\Windows\SYSTEM32\DPAPI.dll
0x00007ffbc8e50000 - 0x00007ffbc8ecd000 	C:\Windows\System32\coml2.dll
0x00007ffb554d0000 - 0x00007ffb55685000 	C:\Windows\System32\TaskFlowDataEngine.dll
0x00007ffbc7a70000 - 0x00007ffbc7abe000 	C:\Windows\SYSTEM32\CFGMGR32.dll
0x00007ffbaa4b0000 - 0x00007ffbaa566000 	C:\Windows\System32\Windows.FileExplorer.Common.dll
0x00007ffbba980000 - 0x00007ffbba98d000 	C:\Windows\SYSTEM32\LINKINFO.dll
0x00007ffba5f10000 - 0x00007ffba5fb0000 	C:\Windows\SYSTEM32\ntshrui.dll
0x00007ffbbae80000 - 0x00007ffbbaea8000 	C:\Windows\SYSTEM32\srvcli.dll
0x00007ffba5ec0000 - 0x00007ffba5ed2000 	C:\Windows\SYSTEM32\cscapi.dll
0x00007ffbc4a60000 - 0x00007ffbc4b05000 	C:\Windows\SYSTEM32\policymanager.dll
0x00007ffbc47c0000 - 0x00007ffbc4853000 	C:\Windows\SYSTEM32\msvcp110_win.dll
0x00007ffbc6b50000 - 0x00007ffbc6b64000 	C:\Windows\SYSTEM32\WTSAPI32.dll
0x00007ffbc7530000 - 0x00007ffbc7596000 	C:\Windows\SYSTEM32\WINSTA.dll
0x00007ffbaf160000 - 0x00007ffbaf1fe000 	C:\Windows\System32\MMDevApi.dll
0x00007ffbc7a40000 - 0x00007ffbc7a6c000 	C:\Windows\System32\DEVOBJ.dll
0x00007ffbc3310000 - 0x00007ffbc33cd000 	C:\Windows\SYSTEM32\mscms.dll

dbghelp: loaded successfully - version: 4.0.5 - missing functions: none
symbol engine: initialized successfully - sym options: 0x614 - pdb path: .;C:\Program Files\JetBrains\JetBrains Rider 2024.2.5\bin;C:\Windows\SYSTEM32;C:\Program Files\JetBrains\JetBrains Rider 2024.2.5\jbr\bin\server;C:\Program Files\JetBrains\JetBrains Rider 2024.2.5\jbr\bin;C:\Windows\WinSxS\amd64_microsoft.windows.common-controls_6595b64144ccf1df_5.82.22621.3527_none_b43b7f4b638cc64f;C:\Program Files\Bonjour;C:\Program Files\JetBrains\JetBrains Rider 2024.2.5\lib\jna\amd64;C:\Windows\WinSxS\amd64_microsoft.windows.gdiplus_6595b64144ccf1df_1.1.22621.4249_none_57fb0ed6ce180668;C:\Windows\WinSxS\amd64_microsoft.windows.common-controls_6595b64144ccf1df_6.0.22621.3672_none_2713b9d173822955;C:\Windows\system32\wbem;C:\ProgramData\Microsoft\Windows Defender\Platform\4.18.24080.9-0

VM Arguments:
jvm_args: abort vfprintf -XX:ErrorFile=C:\Users\user\java_error_in_rider_%p.log -XX:HeapDumpPath=C:\Users\user\java_error_in_rider.hprof -Xms128m -Xmx2048m -XX:+HeapDumpOnOutOfMemoryError -XX:-OmitStackTraceInFastThrow -XX:+IgnoreUnrecognizedVMOptions -ea -Dsun.io.useCanonCaches=false -Dsun.java2d.metal=true -Djbr.catch.SIGABRT=true -Djdk.http.auth.tunneling.disabledSchemes="" -Djdk.attach.allowAttachSelf=true -Djdk.module.illegalAccess.silent=true -Dkotlinx.coroutines.debug=off -XX:CICompilerCount=2 -XX:ReservedCodeCacheSize=512m -XX:+UnlockDiagnosticVMOptions -XX:TieredOldPercentage=100000 -Xms128m -Xmx2048m -XX:ReservedCodeCacheSize=512m -XX:+IgnoreUnrecognizedVMOptions -XX:+UseG1GC -XX:SoftRefLRUPolicyMSPerMB=50 -XX:CICompilerCount=2 -XX:+HeapDumpOnOutOfMemoryError -XX:-OmitStackTraceInFastThrow -ea -Dsun.io.useCanonCaches=false -Djdk.http.auth.tunneling.disabledSchemes="" -Djdk.attach.allowAttachSelf=true -Djdk.module.illegalAccess.silent=true -Dkotlinx.coroutines.debug=off -XX:ErrorFile=$USER_HOME/java_error_in_idea_%p.log -XX:HeapDumpPath=$USER_HOME/java_error_in_idea.hprof --add-opens=java.base/jdk.internal.org.objectweb.asm=ALL-UNNAMED --add-opens=java.base/jdk.internal.org.objectweb.asm.tree=ALL-UNNAMED -javaagent:C:\Users\user\Downloads\jetbra-8f6785eac5e6e7e8b20e6174dd28bb19d8da7550\jetbra\ja-netfilter.jar=jetbrains -Djb.vmOptionsFile=C:\Users\user\Downloads\jetbra-8f6785eac5e6e7e8b20e6174dd28bb19d8da7550\jetbra\vmoptions\rider.vmoptions -Djava.system.class.loader=com.intellij.util.lang.PathClassLoader -Didea.vendor.name=JetBrains -Didea.paths.selector=Rider2024.2 -Djna.boot.library.path=C:\Program Files\JetBrains\JetBrains Rider 2024.2.5/lib/jna/amd64 -Dpty4j.preferred.native.folder=C:\Program Files\JetBrains\JetBrains Rider 2024.2.5/lib/pty4j -Djna.nosys=true -Djna.noclasspath=true -Dintellij.platform.runtime.repository.path=C:\Program Files\JetBrains\JetBrains Rider 2024.2.5/modules/module-descriptors.jar -Didea.platform.prefix=Rider -Dide.native.launcher=true -Didea.class.before.app=com.jetbrains.rider.protocol.EarlyBackendStarter -Didea.show.customize.ide.wizard=true -DFilePageCache.THROW_ERROR_ON_DUPLICATE_STORAGE_REGISTRATION=false -Dsplash=true -Daether.connector.resumeDownloads=false --add-opens=java.base/java.io=ALL-UNNAMED --add-opens=java.base/java.lang=ALL-UNNAMED --add-opens=java.base/java.lang.ref=ALL-UNNAMED --add-opens=java.base/java.lang.reflect=ALL-UNNAMED --add-opens=java.base/java.net=ALL-UNNAMED --add-opens=java.base/java.nio=ALL-UNNAMED --add-opens=java.base/java.nio.charset=ALL-UNNAMED --add-opens=java.base/java.text=ALL-UNNAMED --add-opens=java.base/java.time=ALL-UNNAMED --add-opens=java.base/java.util=ALL-UNNAMED --add-opens=java.base/java.util.concurrent=ALL-UNNAMED --add-opens=java.base/java.util.concurrent.atomic=ALL-UNNAMED --add-opens=java.base/java.util.concurrent.locks=ALL-UNNAMED --add-opens=java.base/jdk.internal.vm=ALL-UNNAMED --add-opens=java.base/sun.net.dns=ALL-UNNAMED --add-opens=java.base/sun.nio.ch=ALL-UNNAMED --add-opens=java.base/sun.nio.fs=ALL-UNNAMED --add-opens=java.base/sun.security.ssl=ALL-UNNAMED --add-opens=java.base/sun.security.util=ALL-UNNAMED --add-opens=java.desktop/com.sun.java.swing=ALL-UNNAMED --add-opens=java.desktop/java.awt=ALL-UNNAMED --add-opens=java.desktop/java.awt.dnd.peer=ALL-UNNAMED --add-opens=java.desktop/java.awt.event=ALL-UNNAMED --add-opens=java.desktop/java.awt.font=ALL-UNNAMED --add-opens=java.desktop/java.awt.image=ALL-UNNAMED --add-opens=java.desktop/java.awt.peer=ALL-UNNAMED --add-opens=java.desktop/javax.swing=ALL-UNNAMED --add-opens=java.desktop/javax.swing.plaf.basic=ALL-UNNAMED --add-opens=java.desktop/javax.swing.text=ALL-UNNAMED --add-opens=java.desktop/javax.swing.text.html=ALL-UNNAMED --add-opens=java.desktop/sun.awt=ALL-UNNAMED --add-opens=java.desktop/sun.awt.datatransfer=ALL-UNNAMED --add-opens=java.desktop/sun.awt.image=ALL-UNNAMED --add-opens=java.desktop/sun.awt.windows=ALL-UNNAMED --add-opens=java.desktop/sun.font=ALL-UNNAMED --add-opens=java.desktop/sun.java2d=ALL-UNNAMED --add-opens=java.desktop/sun.swing=ALL-UNNAMED --add-opens=java.management/sun.management=ALL-UNNAMED --add-opens=jdk.attach/sun.tools.attach=ALL-UNNAMED --add-opens=jdk.compiler/com.sun.tools.javac.api=ALL-UNNAMED --add-opens=jdk.internal.jvmstat/sun.jvmstat.monitor=ALL-UNNAMED --add-opens=jdk.jdi/com.sun.tools.jdi=ALL-UNNAMED -Dide.native.launcher=true -Djcef.sandbox.ptr=00000214093C3880 -Djcef.sandbox.cefVersion=122.1.9+gd14e051+chromium-122.0.6261.94 
java_command: com.intellij.idea.Main C:\Users\user\Documents\GitHub\RePlanet\RePlanet.sln --line 109 --column -1 C:\Users\user\Documents\GitHub\RePlanet\Library\PackageCache\com.unity.render-pipelines.universal@14.0.11\Shaders\Lit.shader
java_class_path (initial): C:\Program Files\JetBrains\JetBrains Rider 2024.2.5\lib\platform-loader.jar;C:\Program Files\JetBrains\JetBrains Rider 2024.2.5\lib\util-8.jar;C:\Program Files\JetBrains\JetBrains Rider 2024.2.5\lib\util.jar;C:\Program Files\JetBrains\JetBrains Rider 2024.2.5\lib\app-client.jar;C:\Program Files\JetBrains\JetBrains Rider 2024.2.5\lib\util_rt.jar;C:\Program Files\JetBrains\JetBrains Rider 2024.2.5\lib\product.jar;C:\Program Files\JetBrains\JetBrains Rider 2024.2.5\lib\opentelemetry.jar;C:\Program Files\JetBrains\JetBrains Rider 2024.2.5\lib\app.jar;C:\Program Files\JetBrains\JetBrains Rider 2024.2.5\lib\product-client.jar;C:\Program Files\JetBrains\JetBrains Rider 2024.2.5\lib\lib-client.jar;C:\Program Files\JetBrains\JetBrains Rider 2024.2.5\lib\stats.jar;C:\Program Files\JetBrains\JetBrains Rider 2024.2.5\lib\jps-model.jar;C:\Program Files\JetBrains\JetBrains Rider 2024.2.5\lib\external-system-rt.jar;C:\Program Files\JetBrains\JetBrains Rider 2024.2.5\lib\rd.jar;C:\Program Files\JetBrains\JetBrains Rider 2024.2.5\lib\bouncy-castle.jar;C:\Program Files\JetBrains\JetBrains Rider 2024.2.5\lib\protobuf.jar;C:\Program Files\JetBrains\JetBrains Rider 2024.2.5\lib\forms_rt.jar;C:\Program Files\JetBrains\JetBrains Rider 2024.2.5\lib\lib.jar;C:\Program Files\JetBrains\JetBrains Rider 2024.2.5\lib\externalProcess-rt.jar;C:\Program Files\JetBrains\JetBrains Rider 2024.2.5\lib\groovy.jar;C:\Program Files\JetBrains\JetBrains Rider 2024.2.5\lib\annotations.jar;C:\Program Files\JetBrains\JetBrains Rider 2024.2.5\lib\jsch-agent.jar;C:\Program Files\JetBrains\JetBrains Rider 2024.2.5\lib\nio-fs.jar;C:\Program Files\JetBrains\JetBrains Rider 2024.2.5\lib\trove.jar
Launcher Type: generic

[Global flags]
     intx CICompilerCount                          = 2                                         {product} {command line}
     uint ConcGCThreads                            = 3                                         {product} {ergonomic}
    ccstr ErrorFile                                = $USER_HOME/java_error_in_idea_%p.log            {product} {command line}
     uint G1ConcRefinementThreads                  = 13                                        {product} {ergonomic}
   size_t G1HeapRegionSize                         = 1048576                                   {product} {ergonomic}
    uintx GCDrainStackTargetSize                   = 64                                        {product} {ergonomic}
     bool HeapDumpOnOutOfMemoryError               = true                                   {manageable} {command line}
    ccstr HeapDumpPath                             = $USER_HOME/java_error_in_idea.hprof         {manageable} {command line}
     bool IgnoreUnrecognizedVMOptions              = true                                      {product} {command line}
   size_t InitialHeapSize                          = 134217728                                 {product} {command line}
   size_t MarkStackSize                            = 4194304                                   {product} {ergonomic}
   size_t MaxHeapSize                              = 2147483648                                {product} {command line}
   size_t MaxNewSize                               = 1287651328                                {product} {ergonomic}
   size_t MinHeapDeltaBytes                        = 1048576                                   {product} {ergonomic}
   size_t MinHeapSize                              = 134217728                                 {product} {command line}
    uintx NonNMethodCodeHeapSize                   = 5826188                                {pd product} {ergonomic}
    uintx NonProfiledCodeHeapSize                  = 265522362                              {pd product} {ergonomic}
     bool OmitStackTraceInFastThrow                = false                                     {product} {command line}
    uintx ProfiledCodeHeapSize                     = 265522362                              {pd product} {ergonomic}
    uintx ReservedCodeCacheSize                    = 536870912                              {pd product} {command line}
     bool SegmentedCodeCache                       = true                                      {product} {ergonomic}
   size_t SoftMaxHeapSize                          = 2147483648                             {manageable} {ergonomic}
     intx SoftRefLRUPolicyMSPerMB                  = 50                                        {product} {command line}
     intx TieredOldPercentage                      = 100000                                 {diagnostic} {command line}
     bool UnlockDiagnosticVMOptions                = true                                   {diagnostic} {command line}
     bool UseCompressedOops                        = true                           {product lp64_product} {ergonomic}
     bool UseG1GC                                  = true                                      {product} {command line}
     bool UseLargePagesIndividualAllocation        = false                                  {pd product} {ergonomic}

Logging:
Log output configuration:
 #0: stdout all=warning uptime,level,tags foldmultilines=false
 #1: stderr all=off uptime,level,tags foldmultilines=false

Environment Variables:
PATH=C:\Program Files\Oculus\Support\oculus-runtime;C:\Program Files (x86)\Common Files\Oracle\Java\java8path;C:\Program Files (x86)\Common Files\Oracle\Java\javapath;C:\Windows\system32;C:\Windows;C:\Windows\System32\Wbem;C:\Windows\System32\WindowsPowerShell\v1.0\;C:\Windows\System32\OpenSSH\;C:\Program Files\dotnet\;C:\Program Files\nodejs\;C:\Program Files\PuTTY\;C:\Program Files (x86)\Windows Kits\10\Windows Performance Toolkit\;C:\Users\user\Downloads\aseprite;C:\Program Files\CMake\bin;C:\Program Files (x86)\Windows Kits\10\bin\10.0.20348.0\x64;C:\Program Files\010 Editor;C:\Program Files\Git\cmd;C:\Users\user\AppData\Local\Programs\Python\Python312\Scripts\;C:\Users\user\AppData\Local\Programs\Python\Python312\;C:\Users\user\AppData\Local\Programs\Python\Launcher\;C:\Users\user\AppData\Local\Microsoft\WindowsApps;C:\Users\user\AppData\Local\Programs\Microsoft VS Code\bin;C:\Users\user\AppData\Roaming\npm;C:\Program Files\JetBrains\JetBrains Rider 2024.2.5\bin;;C:\Users\user\.dotnet\tools;C:\Users\user\AppData\Local\GitHubDesktop\bin
USERNAME=user
OS=Windows_NT
PROCESSOR_IDENTIFIER=Intel64 Family 6 Model 186 Stepping 2, GenuineIntel
TMP=C:\Users\user\AppData\Local\Temp
TEMP=C:\Users\user\AppData\Local\Temp




Periodic native trim disabled

JNI global refs:
JNI global refs: 151, weak refs: 143

JNI global refs memory usage: 2099, weak refs: 3361

Process memory usage:
Resident Set Size: 1308884K (7% of 16392204K total physical memory with 193756K free physical memory)

OOME stack traces (most recent first):
Classloader memory used:
Loader com.intellij.util.lang.PathClassLoader                                          : 172M
Loader com.intellij.ide.plugins.cl.PluginClassLoader                                   : 53272K
Loader bootstrap                                                                       : 50703K
Loader jdk.internal.loader.ClassLoaders$PlatformClassLoader                            : 2189K
Loader jdk.internal.loader.ClassLoaders$AppClassLoader                                 : 871K
Loader jdk.internal.reflect.DelegatingClassLoader                                      : 117K
Loader sun.reflect.misc.MethodUtil                                                     : 4224B

Classes loaded by more than one classloader:
Class kotlin.coroutines.intrinsics.IntrinsicsKt__IntrinsicsJvmKt                      : loaded 3 times (x 68B)
Class kotlin.KotlinNullPointerException                                               : loaded 3 times (x 80B)
Class kotlin.jvm.internal.Intrinsics                                                  : loaded 3 times (x 68B)
Class kotlin.NotImplementedError                                                      : loaded 3 times (x 79B)
Class kotlin.coroutines.intrinsics.IntrinsicsKt                                       : loaded 3 times (x 68B)
Class kotlin.coroutines.jvm.internal.SuspendFunction                                  : loaded 3 times (x 67B)
Class kotlin.coroutines.intrinsics.IntrinsicsKt__IntrinsicsKt                         : loaded 3 times (x 68B)
Class kotlin.UninitializedPropertyAccessException                                     : loaded 3 times (x 79B)
Class kotlin.ResultKt                                                                 : loaded 3 times (x 68B)
Class kotlin.jvm.internal.FunctionBase                                                : loaded 3 times (x 67B)
Class kotlin.coroutines.jvm.internal.SuspendLambda                                    : loaded 3 times (x 88B)
Class ai.grazie.nlp.langs.LanguageISO$Companion                                       : loaded 2 times (x 68B)
Class ai.grazie.nlp.langs.alphabet.NoneAlphabet                                       : loaded 2 times (x 73B)
Class kotlin.collections.AbstractList$Companion                                       : loaded 2 times (x 68B)
Class ai.grazie.nlp.langs.Language$Companion$1                                        : loaded 2 times (x 75B)
Class kotlinx.serialization.internal.CollectionLikeSerializer                         : loaded 2 times (x 93B)
Class [Lai.grazie.nlp.langs.alphabet.Alphabet;                                        : loaded 2 times (x 66B)
Class kotlin.text.StringsKt__AppendableKt                                             : loaded 2 times (x 68B)
Class [Lai.grazie.nlp.langs.LanguageISO;                                              : loaded 2 times (x 66B)
Class kotlin.text.StringsKt__StringNumberConversionsJVMKt                             : loaded 2 times (x 68B)
Class kotlinx.serialization.descriptors.StructureKind$MAP                             : loaded 2 times (x 68B)
Class [Lkotlinx.serialization.KSerializer;                                            : loaded 2 times (x 66B)
Class kotlinx.serialization.json.internal.StringOpsKt                                 : loaded 2 times (x 68B)
Class kotlin.text.StringsKt__RegexExtensionsJVMKt                                     : loaded 2 times (x 68B)
Class kotlin.collections.ArraysKt___ArraysJvmKt                                       : loaded 2 times (x 68B)
Class kotlin.collections.CollectionsKt__CollectionsKt                                 : loaded 2 times (x 68B)
Class kotlinx.serialization.descriptors.SerialKind                                    : loaded 2 times (x 68B)
Class kotlin.text.Regex$Companion                                                     : loaded 2 times (x 68B)
Class kotlinx.serialization.json.internal.JsonEncodingException                       : loaded 2 times (x 79B)
Class [Lkotlin.text.RegexOption;                                                      : loaded 2 times (x 66B)
Class kotlin.enums.EnumEntriesList                                                    : loaded 2 times (x 220B)
Class kotlinx.serialization.internal.PluginGeneratedSerialDescriptor$childSerializers$2: loaded 2 times (x 76B)
Class [Lai.grazie.nlp.langs.alphabet.Alphabet$Group;                                  : loaded 2 times (x 66B)
Class ai.grazie.nlp.langs.alphabet.Alphabet$Group                                     : loaded 2 times (x 76B)
Class kotlin.collections.CollectionsKt__IteratorsJVMKt                                : loaded 2 times (x 68B)
Class ai.grazie.nlp.langs.Language$Companion                                          : loaded 2 times (x 68B)
Class kotlinx.serialization.internal.PrimitiveSerialDescriptor                        : loaded 2 times (x 82B)
Class kotlinx.serialization.internal.LongSerializer                                   : loaded 2 times (x 79B)
Class kotlin.collections.CollectionsKt__MutableCollectionsKt                          : loaded 2 times (x 68B)
Class kotlinx.serialization.json.Json$Default                                         : loaded 2 times (x 77B)
Class kotlinx.serialization.modules.SerializersModule                                 : loaded 2 times (x 72B)
Class kotlin.collections.MapsKt__MapsJVMKt                                            : loaded 2 times (x 68B)
Class kotlinx.serialization.internal.PluginGeneratedSerialDescriptor$_hashCode$2      : loaded 2 times (x 76B)
Class kotlinx.serialization.descriptors.PrimitiveKind$LONG                            : loaded 2 times (x 68B)
Class kotlin.collections.ArraysKt__ArraysKt                                           : loaded 2 times (x 68B)
Class kotlin.collections.SetsKt__SetsJVMKt                                            : loaded 2 times (x 68B)
Class ai.grazie.nlp.langs.alphabet.Alphabet$Companion                                 : loaded 2 times (x 68B)
Class kotlinx.serialization.json.internal.WriteModeKt                                 : loaded 2 times (x 68B)
Class kotlin.text.StringsKt__StringsJVMKt                                             : loaded 2 times (x 68B)
Class kotlinx.serialization.modules.SerialModuleImpl                                  : loaded 2 times (x 73B)
Class kotlin.text.StringsKt__IndentKt                                                 : loaded 2 times (x 68B)
Class kotlin.text.RegexOption                                                         : loaded 2 times (x 80B)
Class kotlin.collections.SetsKt                                                       : loaded 2 times (x 68B)
Class kotlin.collections.ArrayDeque                                                   : loaded 2 times (x 204B)
Class ai.grazie.nlp.langs.alphabet.Alphabet$Group$1                                   : loaded 2 times (x 75B)
Class kotlinx.serialization.modules.SerializersModuleBuildersKt                       : loaded 2 times (x 68B)
Class kotlinx.serialization.descriptors.SerialDescriptor                              : loaded 2 times (x 67B)
Class kotlin.collections.MapsKt__MapsKt                                               : loaded 2 times (x 68B)
Class ai.grazie.nlp.langs.alphabet.Alphabet$Group$2                                   : loaded 2 times (x 75B)
Class ai.grazie.nlp.langs.alphabet.Alphabet$Group$3                                   : loaded 2 times (x 75B)
Class kotlinx.serialization.descriptors.StructureKind                                 : loaded 2 times (x 68B)
Class kotlinx.serialization.internal.PluginGeneratedSerialDescriptor$typeParameterDescriptors$2: loaded 2 times (x 76B)
Class kotlin.Metadata                                                                 : loaded 2 times (x 67B)
Class com.jetbrains.rd.rdtext.intrinsics.RdTextChange$Companion                       : loaded 2 times (x 68B)
Class com.intellij.ultimate.PluginVerifier                                            : loaded 2 times (x 68B)
Class ai.grazie.nlp.langs.alphabet.Alphabet$Group$4                                   : loaded 2 times (x 75B)
Class kotlinx.serialization.json.JsonConfiguration                                    : loaded 2 times (x 69B)
Class ai.grazie.nlp.langs.alphabet.Alphabet$Group$5                                   : loaded 2 times (x 75B)
Class ai.grazie.nlp.langs.LanguageISO$Companion$1                                     : loaded 2 times (x 75B)
Class kotlin.SafePublicationLazyImpl                                                  : loaded 2 times (x 73B)
Class ai.grazie.nlp.langs.alphabet.Alphabet$Group$6                                   : loaded 2 times (x 75B)
Class kotlinx.serialization.json.internal.JsonException                               : loaded 2 times (x 79B)
Class ai.grazie.nlp.langs.alphabet.Alphabet$Group$7                                   : loaded 2 times (x 75B)
Class kotlinx.serialization.descriptors.PrimitiveKind                                 : loaded 2 times (x 68B)
Class kotlinx.serialization.KSerializer                                               : loaded 2 times (x 67B)
Class kotlin.SafePublicationLazyImpl$Companion                                        : loaded 2 times (x 68B)
Class ai.grazie.nlp.langs.Language$Companion$all$2                                    : loaded 2 times (x 75B)
Class ai.grazie.nlp.langs.alphabet.Alphabet$Group$8                                   : loaded 2 times (x 75B)
Class kotlin.collections.CollectionsKt__CollectionsJVMKt                              : loaded 2 times (x 68B)
Class kotlinx.serialization.internal.CachedNames                                      : loaded 2 times (x 67B)
Class kotlin.collections.CollectionsKt__IteratorsKt                                   : loaded 2 times (x 68B)
Class kotlin.text.StringsKt                                                           : loaded 2 times (x 68B)
Class kotlin.LazyKt__LazyJVMKt                                                        : loaded 2 times (x 68B)
Class ai.grazie.nlp.langs.LanguageISO                                                 : loaded 2 times (x 76B)
Class kotlin.jvm.internal.markers.KMutableList                                        : loaded 2 times (x 67B)
Class kotlin.text.StringsKt__StringNumberConversionsKt                                : loaded 2 times (x 68B)
Class kotlinx.serialization.descriptors.StructureKind$LIST                            : loaded 2 times (x 68B)
Class kotlinx.serialization.json.ClassDiscriminatorMode                               : loaded 2 times (x 76B)
Class kotlinx.serialization.internal.AbstractCollectionSerializer                     : loaded 2 times (x 91B)
Class kotlinx.serialization.json.Json                                                 : loaded 2 times (x 77B)
Class kotlinx.serialization.DeserializationStrategy                                   : loaded 2 times (x 67B)
Class kotlinx.serialization.internal.AbstractPolymorphicSerializer                    : loaded 2 times (x 83B)
Class kotlinx.serialization.json.internal.DescriptorSchemaCache                       : loaded 2 times (x 69B)
Class kotlin.enums.EnumEntries                                                        : loaded 2 times (x 67B)
Class kotlinx.serialization.encoding.CompositeEncoder                                 : loaded 2 times (x 67B)
Class kotlinx.serialization.internal.PluginGeneratedSerialDescriptor                  : loaded 2 times (x 96B)
Class kotlinx.serialization.internal.ListLikeDescriptor                               : loaded 2 times (x 93B)
Class ai.grazie.nlp.langs.alphabet.RegexAlphabet                                      : loaded 2 times (x 73B)
Class kotlinx.serialization.StringFormat                                              : loaded 2 times (x 67B)
Class kotlinx.serialization.json.internal.CreateMapForCacheKt                         : loaded 2 times (x 68B)
Class kotlin.LazyKt__LazyJVMKt$WhenMappings                                           : loaded 2 times (x 68B)
Class kotlin.LazyThreadSafetyMode                                                     : loaded 2 times (x 76B)
Class kotlin.text.StringsKt__RegexExtensionsKt                                        : loaded 2 times (x 68B)
Class kotlin.SynchronizedLazyImpl                                                     : loaded 2 times (x 73B)
Class kotlinx.serialization.modules.SerializersModuleKt                               : loaded 2 times (x 68B)
Class kotlin.collections.AbstractList                                                 : loaded 2 times (x 194B)
Class kotlin.collections.AbstractCollection                                           : loaded 2 times (x 114B)
Class kotlin.text.StringsKt__StringBuilderJVMKt                                       : loaded 2 times (x 68B)
Class kotlin.LazyKt__LazyKt                                                           : loaded 2 times (x 68B)
Class kotlin.text.Regex                                                               : loaded 2 times (x 69B)
Class com.jetbrains.rd.rdtext.intrinsics.RdTextChange                                 : loaded 2 times (x 72B)
Class kotlinx.serialization.encoding.Encoder$DefaultImpls                             : loaded 2 times (x 68B)
Class kotlinx.serialization.encoding.AbstractEncoder                                  : loaded 2 times (x 129B)
Class kotlin.UNINITIALIZED_VALUE                                                      : loaded 2 times (x 68B)
Class ai.grazie.nlp.langs.alphabet.Alphabet$Group$Companion                           : loaded 2 times (x 68B)
Class kotlin.ranges.RangesKt__RangesKt                                                : loaded 2 times (x 68B)
Class [Lkotlin.text.FlagEnum;                                                         : loaded 2 times (x 66B)
Class kotlin.collections.SetsKt___SetsKt                                              : loaded 2 times (x 68B)
Class kotlinx.serialization.SerializationStrategy                                     : loaded 2 times (x 67B)
Class kotlin.UInt$Companion                                                           : loaded 2 times (x 68B)
Class kotlin.UInt                                                                     : loaded 2 times (x 71B)
Class [Lkotlinx.serialization.DeserializationStrategy;                                : loaded 2 times (x 66B)
Class kotlinx.serialization.descriptors.SerialDescriptor$DefaultImpls                 : loaded 2 times (x 68B)
Class kotlinx.serialization.json.internal.JsonStreamsKt                               : loaded 2 times (x 68B)
Class kotlin.collections.CollectionsKt___CollectionsJvmKt                             : loaded 2 times (x 68B)
Class kotlin.jvm.internal.markers.KMutableIterable                                    : loaded 2 times (x 67B)
Class [Lai.grazie.nlp.langs.Language;                                                 : loaded 2 times (x 66B)
Class ai.grazie.nlp.langs.alphabet.Alphabet                                           : loaded 2 times (x 73B)
Class kotlin.ranges.RangesKt                                                          : loaded 2 times (x 68B)
Class kotlin.collections.ArraysUtilJVM                                                : loaded 2 times (x 68B)
Class kotlin.collections.AbstractMutableList                                          : loaded 2 times (x 203B)
Class kotlin.KotlinNothingValueException                                              : loaded 2 times (x 79B)
Class [Lkotlinx.serialization.SerializationStrategy;                                  : loaded 2 times (x 66B)
Class kotlin.collections.MapsKt___MapsJvmKt                                           : loaded 2 times (x 68B)
Class kotlin.collections.CollectionsKt___CollectionsKt                                : loaded 2 times (x 68B)
Class kotlin.annotation.Target                                                        : loaded 2 times (x 67B)
Class kotlin.text.StringsKt___StringsJvmKt                                            : loaded 2 times (x 68B)
Class kotlin.annotation.Retention                                                     : loaded 2 times (x 67B)
Class kotlin.text.FlagEnum                                                            : loaded 2 times (x 67B)
Class kotlin.collections.ArraysKt___ArraysKt                                          : loaded 2 times (x 68B)
Class kotlin.collections.MapsKt___MapsKt                                              : loaded 2 times (x 68B)
Class kotlinx.serialization.json.internal.WriteMode                                   : loaded 2 times (x 76B)
Class kotlinx.serialization.UnknownFieldException                                     : loaded 2 times (x 79B)
Class kotlin.collections.MapsKt__MapWithDefaultKt                                     : loaded 2 times (x 68B)
Class kotlinx.serialization.internal.StringSerializer                                 : loaded 2 times (x 79B)
Class kotlinx.serialization.descriptors.PolymorphicKind                               : loaded 2 times (x 68B)
Class kotlin.text.StringsKt___StringsKt                                               : loaded 2 times (x 68B)
Class kotlin.enums.EnumEntriesKt                                                      : loaded 2 times (x 68B)
Class kotlin.collections.CollectionsKt__MutableCollectionsJVMKt                       : loaded 2 times (x 68B)
Class [Lkotlinx.serialization.json.ClassDiscriminatorMode;                            : loaded 2 times (x 66B)
Class [Lkotlin.LazyThreadSafetyMode;                                                  : loaded 2 times (x 66B)
Class kotlin.jvm.internal.markers.KMutableCollection                                  : loaded 2 times (x 67B)
Class kotlin.collections.EmptyMap                                                     : loaded 2 times (x 106B)
Class kotlin.collections.CollectionsKt__ReversedViewsKt                               : loaded 2 times (x 68B)
Class kotlin.text.StringsKt__StringsKt                                                : loaded 2 times (x 68B)
Class kotlinx.serialization.encoding.Encoder                                          : loaded 2 times (x 67B)
Class kotlin.collections.CollectionsKt__IterablesKt                                   : loaded 2 times (x 68B)
Class kotlin.collections.MapsKt                                                       : loaded 2 times (x 68B)
Class kotlin.text.Charsets                                                            : loaded 2 times (x 68B)
Class kotlinx.serialization.SerialFormat                                              : loaded 2 times (x 67B)
Class kotlin.ranges.RangesKt___RangesKt                                               : loaded 2 times (x 68B)
Class kotlin.coroutines.jvm.internal.Boxing                                           : loaded 2 times (x 68B)
Class kotlinx.serialization.descriptors.PrimitiveKind$STRING                          : loaded 2 times (x 68B)
Class kotlin.collections.ArrayDeque$Companion                                         : loaded 2 times (x 68B)
Class kotlinx.serialization.internal.GeneratedSerializer                              : loaded 2 times (x 67B)
Class kotlin.collections.ArraysKt                                                     : loaded 2 times (x 68B)
Class kotlin.LazyKt                                                                   : loaded 2 times (x 68B)
Class kotlin.collections.SetsKt__SetsKt                                               : loaded 2 times (x 68B)
Class kotlin.collections.ArraysKt__ArraysJVMKt                                        : loaded 2 times (x 68B)
Class kotlinx.serialization.json.internal.CharArrayPoolBase                           : loaded 2 times (x 69B)
Class kotlin.text.StringsKt__StringBuilderKt                                          : loaded 2 times (x 68B)
Class kotlin.NoWhenBranchMatchedException                                             : loaded 2 times (x 79B)
Class kotlinx.serialization.json.internal.ArrayPoolsKt                                : loaded 2 times (x 68B)
Class kotlin.jvm.internal.markers.KMappedMarker                                       : loaded 2 times (x 67B)
Class kotlinx.serialization.json.internal.JsonNamesMapKt                              : loaded 2 times (x 68B)
Class kotlinx.serialization.json.internal.DescriptorSchemaCache$Key                   : loaded 2 times (x 68B)
Class ai.grazie.nlp.langs.alphabet.SetBasedAlphabet                                   : loaded 2 times (x 73B)
Class kotlinx.serialization.descriptors.StructureKind$CLASS                           : loaded 2 times (x 68B)
Class kotlinx.serialization.SerializationException                                    : loaded 2 times (x 79B)
Class kotlin.collections.CollectionsKt                                                : loaded 2 times (x 68B)
Class ai.grazie.nlp.langs.Language                                                    : loaded 2 times (x 76B)
Class [Lkotlinx.serialization.json.internal.WriteMode;                                : loaded 2 times (x 66B)

---------------  S Y S T E M  ---------------

OS:
 Windows 11 , 64 bit Build 22621 (10.0.22621.3958)
OS uptime: 2 days 0:33 hours
Hyper-V role detected

CPU: total 16 (initial active 16) (8 cores per cpu, 2 threads per core) family 6 model 186 stepping 2 microcode 0x410e, cx8, cmov, fxsr, ht, mmx, 3dnowpref, sse, sse2, sse3, ssse3, sse4.1, sse4.2, popcnt, lzcnt, tsc, tscinvbit, avx, avx2, aes, erms, clmul, bmi1, bmi2, adx, sha, fma, vzeroupper, clflush, clflushopt, clwb, hv, serialize, rdtscp, rdpid, fsrm, f16c, cet_ibt, cet_ss
Processor Information for all 16 processors :
  Max Mhz: 1900, Current Mhz: 1900, Mhz Limit: 1900

Memory: 4k page, system-wide physical 16008M (106M free)
TotalPageFile size 26008M (AvailPageFile size 0M)
current process WorkingSet (physical memory assigned to process): 1278M, peak: 1425M
current process commit charge ("private bytes"): 1798M, peak: 1853M

vm_info: OpenJDK 64-Bit Server VM (21.0.3+13-b509.15) for windows-amd64 JRE (21.0.3+13-b509.15), built on 2024-09-04 by "builduser" with MS VC++ 16.10 / 16.11 (VS2019)

END.
